Toil_alone; Alfa_alone; Toil_6min; Alfa_6min; Toil_8min; Alfa_8min; Toil_10min; Alfa_10min; Toil_12min; Alfa_12min
0.566962; 0.86137; 1.90104; 0.46936; 1.67905; 0.33888; 1.54157; 0.252806; 1.42035; 0.172944
1.67392; 0.872439; 4.44524; 0.494802; 3.9222; 0.361312; 3.59889; 0.273379; 3.31421; 0.191882
2.9316; 0.885016; 6.9292; 0.519642; 6.10911; 0.383181; 5.60289; 0.293419; 5.1576; 0.210316
4.22498; 0.89795; 9.3337; 0.543687; 8.22343; 0.404324; 7.53888; 0.312779; 6.93722; 0.228112
5.52004; 0.910901; 11.6603; 0.566953; 10.2668; 0.424758; 9.40859; 0.331476; 8.65485; 0.245288
6.80677; 0.923768; 13.9111; 0.589461; 12.2415; 0.444505; 11.2142; 0.349532; 10.3126; 0.261866
8.08219; 0.936522; 16.0885; 0.611235; 14.1498; 0.463588; 12.9578; 0.366969; 11.9125; 0.277865
9.34546; 0.949155; 18.1947; 0.632297; 15.9937; 0.482027; 14.6417; 0.383807; 13.4567; 0.293307
10.5963; 0.961663; 20.232; 0.65267; 17.7755; 0.499845; 16.2679; 0.400069; 14.9472; 0.308212
11.8348; 0.974048; 22.2025; 0.672375; 19.4974; 0.517064; 17.8384; 0.415774; 16.386; 0.3226
13.0609; 0.986309; 24.1087; 0.691437; 21.1615; 0.533705; 19.3555; 0.430945; 17.7751; 0.336491
14.2747; 0.998447; 25.9526; 0.709875; 22.7699; 0.549789; 20.8209; 0.445599; 19.1163; 0.349903
15.4762; 1.01046; 27.7363; 0.727713; 24.3246; 0.565336; 22.2367; 0.459757; 20.4115; 0.362855
16.6655; 1.02235; 29.4621; 0.744971; 25.8276; 0.580366; 23.6048; 0.473438; 21.6625; 0.375365
17.8427; 1.03413; 31.1319; 0.761669; 27.2808; 0.594898; 24.9269; 0.486659; 22.8711; 0.387451
19.0079; 1.04578; 32.7478; 0.777828; 28.686; 0.60895; 26.2049; 0.499439; 24.0388; 0.399128
20.1611; 1.05731; 34.3116; 0.793466; 30.0452; 0.622542; 27.4404; 0.511794; 25.1672; 0.410412
21.3024; 1.06872; 35.8254; 0.808604; 31.3599; 0.635689; 28.635; 0.52374; 26.258; 0.42132
22.432; 1.08002; 37.2908; 0.823258; 32.6319; 0.64841; 29.7905; 0.535295; 27.3127; 0.431867
23.5499; 1.0912; 38.7098; 0.837448; 33.8629; 0.660719; 30.9082; 0.546472; 28.3326; 0.442066
24.6562; 1.10226; 40.0839; 1.3446; 35.0544; 0.672634; 31.9898; 0.557288; 29.3192; 0.451932
25.1547; 1.10725; 39.4303; 1.30283; 34.5286; 0.667376; 31.54; 0.55279; 28.9346; 0.448086
25.0966; 1.10667; 38.1529; 0.831879; 33.4689; 0.656779; 30.611; 0.5435; 28.1183; 0.439923
24.8909; 1.10461; 36.9349; 0.819698; 32.4573; 0.646663; 29.7236; 0.534626; 27.3382; 0.432122
24.6498; 1.1022; 35.7855; 0.808205; 31.5023; 0.637113; 28.8858; 0.526248; 26.6015; 0.424755
24.4036; 1.09974; 34.7004; 0.797353; 30.6004; 0.628094; 28.0943; 0.518333; 25.9056; 0.417796
24.1601; 1.0973; 33.6754; 0.787104; 29.7481; 0.619571; 27.3463; 0.510853; 25.2479; 0.411219
23.9212; 1.09491; 32.7068; 0.777418; 28.9425; 0.611515; 26.6392; 0.503782; 24.6262; 0.405002
23.6873; 1.09257; 31.7911; 0.768261; 28.1807; 0.603897; 25.9706; 0.497095; 24.0382; 0.399122
23.4583; 1.09028; 30.9251; 0.759601; 27.4601; 0.596691; 25.338; 0.49077; 23.4821; 0.393561
23.234; 1.08804; 30.1057; 0.751407; 26.7781; 0.589871; 24.7394; 0.484784; 22.9558; 0.388298
23.0144; 1.08584; 29.3301; 0.743651; 26.1325; 0.583415; 24.1727; 0.479117; 22.4578; 0.383318
22.7993; 1.08369; 28.5957; 0.736307; 25.5212; 0.577302; 23.6361; 0.473751; 21.9862; 0.378602
22.5886; 1.08159; 27.9; 0.72935; 24.9421; 0.57151; 23.1279; 0.468669; 21.5396; 0.374136
22.3822; 1.07952; 27.2406; 0.722756; 24.3932; 0.566022; 22.6463; 0.463853; 21.1165; 0.369905
22.1801; 1.0775; 26.6156; 0.716506; 23.8729; 0.560819; 22.1898; 0.459288; 20.7155; 0.365895
21.9821; 1.07552; 26.0227; 0.710577; 23.3795; 0.555885; 21.7569; 0.454959; 20.3354; 0.362094
21.7881; 1.07358; 25.4602; 0.704952; 22.9114; 0.551204; 21.3463; 0.450853; 19.975; 0.35849
21.5981; 1.07168; 24.9263; 0.699613; 22.4671; 0.546761; 20.9568; 0.446958; 19.6332; 0.355072
21.412; 1.06982; 24.4193; 0.694543; 22.0454; 0.542544; 20.5871; 0.44326; 19.3088; 0.351828
21.2296; 1.068; 23.9377; 0.689727; 21.6448; 0.538538; 20.236; 0.43975; 19.001; 0.34875
21.051; 1.06621; 23.48; 0.68515; 21.2642; 0.534733; 19.9026; 0.436416; 18.7088; 0.345827
21.4477; 1.07018; 24.8755; 0.699105; 22.4709; 0.546799; 20.9941; 0.447331; 19.7; 0.35574
22.3804; 1.0795; 26.8741; 0.719091; 24.1926; 0.564016; 22.5472; 0.462862; 21.1062; 0.369802
23.4576; 1.09028; 28.8191; 0.738541; 25.8663; 0.580753; 24.056; 0.47795; 22.4716; 0.383457
24.5678; 1.10138; 30.6953; 0.757303; 27.4795; 0.596885; 25.5096; 0.492486; 23.7865; 0.396605
25.6789; 1.11249; 32.5049; 0.775399; 29.0342; 0.612432; 26.9099; 0.506489; 25.0527; 0.409267
26.7821; 1.12352; 34.2503; 0.792853; 30.5329; 0.627419; 28.2591; 0.519981; 26.2722; 0.421462
27.8746; 1.13445; 35.9339; 0.809689; 31.9775; 0.641865; 29.5592; 0.532982; 27.4471; 0.433211
28.9559; 1.14526; 37.5582; 0.825932; 33.3704; 0.655794; 30.8123; 0.545513; 28.579; 0.44453
30.0258; 1.15596; 39.1253; 1.28378; 34.7136; 0.669226; 32.0202; 0.557592; 29.6699; 0.45544
31.0842; 1.16654; 40.6374; 1.38102; 36.009; 0.68218; 33.1849; 0.569239; 30.7215; 0.465955
32.1314; 1.81595; 42.0968; 1.48184; 37.2587; 0.694677; 34.3081; 0.580471; 31.7354; 0.476094
33.1673; 1.90908; 43.5056; 1.58613; 38.4644; 0.706734; 35.3916; 0.591306; 32.7132; 0.485872
34.192; 2.00591; 44.8656; 1.69377; 39.628; 0.71837; 36.4369; 0.601759; 33.6564; 0.495304
35.2058; 2.10653; 46.1788; 1.80464; 40.7511; 0.729602; 37.4457; 0.611847; 34.5665; 0.504405
36.2086; 2.21103; 47.4471; 1.91861; 41.8356; 0.740445; 38.4195; 0.621585; 35.4448; 0.513188
37.2005; 2.3195; 48.6724; 2.03553; 42.8828; 1.23943; 39.3598; 0.630988; 36.2928; 0.521668
38.1818; 2.43203; 49.8562; 2.15526; 43.8944; 1.30147; 40.2679; 0.640069; 37.1117; 0.529857
39.1524; 2.54871; 51.0003; 2.27767; 44.8719; 1.36436; 41.1452; 0.648842; 37.9027; 0.537767
40.1125; 2.66964; 52.1063; 2.4026; 45.8165; 1.42803; 41.9931; 0.65732; 38.6671; 0.545411
41.0622; 2.7949; 53.1758; 2.52991; 46.7298; 1.49241; 42.8126; 0.665516; 39.4059; 0.552799
42.0015; 2.92457; 54.2101; 2.65946; 47.613; 1.55742; 43.6051; 0.673441; 40.1202; 0.559942
42.2839; 2.96471; 53.1118; 2.5221; 46.7003; 1.49028; 42.802; 0.665409; 39.4104; 0.552844
41.9759; 2.92095; 51.3881; 2.32071; 45.2537; 1.38975; 41.5205; 0.652595; 38.2707; 0.541447
41.5196; 2.85731; 49.7478; 2.14401; 43.8753; 1.30027; 40.2985; 0.640375; 37.183; 0.530571
41.0327; 2.79092; 48.1983; 1.98946; 42.5719; 1.22096; 39.1424; 0.628814; 36.1536; 0.520276
40.5458; 2.72608; 46.7334; 1.85362; 41.3386; 0.735476; 38.0479; 0.617869; 35.1786; 0.510526
40.0667; 2.66375; 45.3477; 1.73366; 40.1711; 0.723801; 37.0113; 0.607503; 34.2548; 0.501288
39.597; 2.60402; 44.0361; 1.62728; 39.065; 0.71274; 36.0288; 0.597678; 33.379; 0.49253
39.137; 2.54681; 42.7939; 1.53256; 38.0168; 0.702258; 35.0973; 0.588363; 32.5483; 0.484223
38.6863; 2.492; 41.6167; 1.44788; 37.0227; 0.692317; 34.2137; 0.579526; 31.7601; 0.47634
38.2449; 2.43945; 40.5005; 1.37192; 36.0796; 0.682886; 33.3749; 0.571139; 31.0117; 0.468857
37.8124; 2.38904; 39.4415; 1.30353; 35.1842; 0.673932; 32.5785; 0.563175; 30.3008; 0.461748
37.3887; 2.34066; 38.4362; 0.834712; 34.3338; 0.665428; 31.8218; 0.555607; 29.6253; 0.454993
36.9735; 2.29421; 37.4813; 0.825163; 33.5257; 0.657347; 31.1025; 0.548415; 28.9831; 0.448571
36.5666; 2.24959; 36.5739; 0.816089; 32.7573; 0.649663; 30.4184; 0.541574; 28.3722; 0.442462
36.168; 2.2067; 35.711; 0.80746; 32.0264; 0.642354; 29.7675; 0.535065; 27.7908; 0.436648
35.7773; 2.16546; 34.8901; 0.79925; 31.3307; 0.635397; 29.1479; 0.528869; 27.2373; 0.431113
35.3943; 2.12579; 34.1086; 0.791436; 30.6682; 0.628772; 28.5577; 0.522967; 26.71; 0.42584
35.019; 2.08762; 33.3643; 0.783993; 30.037; 0.62246; 27.9954; 0.517344; 26.2075; 0.420816
34.6511; 2.05087; 32.6549; 0.776899; 29.4354; 0.616444; 27.4592; 0.511982; 25.7284; 0.416024
34.2905; 2.01547; 31.9786; 0.770136; 28.8615; 0.610705; 26.9478; 0.506868; 25.2714; 0.411454
33.9371; 1.98137; 31.3334; 0.763684; 28.314; 0.60523; 26.4597; 0.501987; 24.8352; 0.407092
34.1988; 2.00656; 32.611; 0.77646; 29.4082; 0.616172; 27.443; 0.51182; 25.7221; 0.415961
35.0262; 2.08834; 34.5064; 0.795414; 31.0296; 0.632386; 28.8983; 0.526373; 27.0333; 0.429073
36.0033; 2.18922; 36.347; 0.81382; 32.6027; 0.648117; 30.3096; 0.540486; 28.3042; 0.441782
37.0142; 2.29872; 38.1181; 0.831531; 34.1153; 0.663243; 31.6659; 0.554049; 29.5252; 0.453992
38.0265; 2.41387; 39.822; 1.32771; 35.5696; 0.677786; 32.9695; 0.567085; 30.6983; 0.465723
39.0313; 2.53385; 41.4614; 1.43706; 36.968; 0.69177; 34.2225; 0.579615; 31.8256; 0.476996
40.0258; 2.65849; 43.0388; 1.55078; 38.3129; 0.705219; 35.4272; 0.591662; 32.909; 0.48783
41.0096; 2.78781; 44.5568; 1.66871; 39.6064; 0.718154; 36.5855; 0.603245; 33.9505; 0.498245
41.9825; 2.92188; 46.0177; 1.79066; 40.8508; 0.730598; 37.6995; 0.614385; 34.952; 0.50826
42.9445; 3.06079; 47.424; 1.91647; 42.0481; 1.19048; 38.7712; 0.625102; 35.9151; 0.517891
43.8956; 3.20463; 48.7779; 2.04593; 43.2004; 1.25858; 39.8023; 0.635413; 36.8416; 0.527156
44.8361; 3.3535; 50.0816; 2.17884; 44.3096; 1.32782; 40.7946; 0.645336; 37.7331; 0.536071
45.766; 3.50749; 51.3371; 2.31501; 45.3776; 1.39808; 41.7498; 0.654888; 38.5911; 0.544651
46.6854; 3.66669; 52.5466; 2.45422; 46.406; 1.46926; 42.6696; 0.664086; 39.4172; 0.552912
47.5944; 3.8312; 53.712; 2.59626; 47.3968; 1.54124; 43.5555; 0.672945; 40.2127; 0.560867
48.4932; 4.00111; 54.8351; 2.74093; 48.3514; 1.61394; 44.4089; 1.1564; 40.9791; 0.568531
49.3818; 4.17651; 55.9177; 2.88801; 49.2714; 1.68725; 45.2314; 1.20324; 41.7175; 0.575915
50.2604; 4.35748; 56.9616; 3.03729; 50.1584; 1.76107; 46.0243; 1.2502; 42.4293; 0.583033
51.129; 4.54411; 57.9683; 3.18857; 51.0137; 1.83532; 46.7888; 1.29721; 43.1156; 0.589896
51.9878; 4.73649; 58.9396; 3.34166; 51.8388; 1.90991; 47.5262; 1.34422; 43.7775; 0.596515
52.8369; 4.9347; 59.8769; 3.49635; 52.635; 1.98476; 48.2378; 1.39121; 44.4162; 0.602902
52.9976; 4.97313; 58.6366; 3.29314; 51.6013; 1.88814; 47.3257; 1.33127; 43.6075; 0.594815
52.5468; 4.86607; 56.7679; 3.00903; 50.0315; 1.75032; 45.9334; 1.24472; 42.3672; 0.582413
51.9475; 4.72727; 54.9896; 2.76145; 48.5353; 1.62834; 44.6053; 1.16742; 41.1833; 0.570573
51.3203; 4.58627; 53.3084; 2.54616; 47.1192; 1.52073; 43.3475; 0.670865; 40.0614; 0.559354
50.6962; 4.45015; 51.7178; 2.35795; 45.7781; 1.42538; 42.1556; 0.658945; 38.9976; 0.548716
50.0828; 4.32028; 50.212; 2.1926; 44.5071; 1.34054; 41.0252; 0.647642; 37.9883; 0.538623
49.4816; 4.19668; 48.7853; 2.04666; 43.3018; 1.26476; 39.9527; 0.636917; 37.0302; 0.529042
48.8927; 4.07903; 47.4328; 1.91728; 42.1581; 1.19681; 38.9345; 0.626734; 36.1202; 0.519942
48.3158; 3.96698; 46.1497; 1.80211; 41.0722; 0.732812; 37.9672; 0.617062; 35.2554; 0.511294
47.7507; 3.86021; 44.9318; 1.6992; 40.0406; 0.722496; 37.0479; 0.607869; 34.4331; 0.50307
47.197; 3.75838; 43.7749; 1.60689; 39.0599; 0.712689; 36.1736; 0.599126; 33.6507; 0.495248
46.6545; 3.66122; 42.6753; 1.5238; 38.1272; 0.703362; 35.3417; 0.590807; 32.9061; 0.487801
46.1228; 3.56844; 41.6295; 1.44878; 37.2395; 0.694485; 34.5496; 0.582886; 32.1969; 0.480709
45.6019; 3.4798; 40.6343; 1.38081; 36.3943; 0.686033; 33.7952; 0.575342; 31.5212; 0.473952
45.0913; 3.39507; 39.6866; 1.31906; 35.5889; 0.67798; 33.0761; 0.568151; 30.8769; 0.467509
44.5908; 3.31402; 38.7837; 0.838187; 34.8212; 0.670302; 32.3903; 0.561293; 30.2624; 0.461364
44.1003; 3.23646; 37.9229; 0.829579; 34.0889; 0.662979; 31.736; 0.55475; 29.6759; 0.455499
43.6195; 3.16218; 37.1018; 0.821368; 33.39; 0.65599; 31.1114; 0.548504; 29.1158; 0.449898
43.1481; 3.09103; 36.318; 0.81353; 32.7225; 0.649315; 30.5148; 0.542537; 28.5808; 0.444548
42.6859; 3.02282; 35.5694; 0.806044; 32.0848; 0.642938; 29.9445; 0.536835; 28.0693; 0.439433
42.2327; 2.9574; 34.8541; 0.798891; 31.4752; 0.636842; 29.3993; 0.531383; 27.5801; 0.434541
42.4205; 2.98433; 36.0917; 0.811267; 32.531; 0.6474; 30.3453; 0.540842; 28.431; 0.44305
43.1926; 3.09768; 37.9529; 0.829878; 34.1184; 0.663274; 31.7672; 0.555062; 29.7096; 0.455836
44.1174; 3.23912; 39.7579; 1.3236; 35.6568; 0.678657; 33.1445; 0.568835; 30.9474; 0.468214
45.0763; 3.39261; 41.4923; 1.43921; 37.1338; 0.693429; 34.4664; 0.582054; 32.135; 0.48009
46.0366; 3.55361; 43.1585; 1.55977; 38.552; 0.70761; 35.735; 0.59474; 33.2744; 0.491484
46.9893; 3.72088; 44.7592; 1.6851; 39.9137; 0.721227; 36.9527; 0.606917; 34.3677; 0.502417
47.9319; 3.89414; 46.2972; 1.81499; 41.2213; 0.734303; 38.1218; 0.618608; 35.417; 0.51291
48.8639; 4.07336; 47.7752; 1.94924; 42.4774; 1.2154; 39.2443; 0.629833; 36.4243; 0.522983
49.785; 4.2586; 49.1956; 2.0876; 43.6839; 1.28831; 40.3223; 0.640613; 37.3915; 0.532655
50.6953; 4.44995; 50.5608; 2.22984; 44.8432; 1.36247; 41.3579; 0.650969; 38.3204; 0.541944
51.595; 4.6475; 51.8733; 2.37571; 45.9573; 1.43777; 42.3529; 0.660919; 39.2126; 0.550866
52.4841; 4.85135; 53.1352; 2.52496; 47.0282; 1.51406; 43.309; 0.67048; 40.07; 0.55944
53.3627; 5.06158; 54.3488; 2.67733; 48.0578; 1.59123; 44.2282; 1.14635; 40.894; 0.56768
54.231; 5.27828; 55.5162; 2.83256; 49.0479; 1.66914; 45.112; 1.19632; 41.6861; 0.575601
55.0891; 5.50155; 56.6393; 2.9904; 50.0003; 1.74768; 45.9619; 1.24644; 42.4479; 0.583219
55.9371; 5.73146; 57.7202; 3.1506; 50.9167; 1.82674; 46.7797; 1.29664; 43.1807; 0.590547
56.7751; 5.9681; 58.7606; 3.3129; 51.7986; 1.90621; 47.5666; 1.34685; 43.8858; 0.597598
57.6032; 6.21155; 59.7623; 3.47707; 52.6477; 1.98597; 48.3241; 1.39702; 44.5644; 0.604385
58.4215; 6.46189; 60.7271; 3.64286; 53.4653; 2.06594; 49.0535; 1.44709; 45.2179; 0.610919
59.2302; 6.71918; 61.6565; 3.81005; 54.2529; 2.14602; 49.7561; 1.49702; 45.8473; 0.617213
60.0294; 6.98351; 62.5522; 3.97842; 55.0119; 2.22611; 50.433; 1.54676; 46.4537; 1.11765
60.1189; 7.01375; 61.2487; 3.73577; 53.9245; 2.11226; 49.4728; 1.47668; 45.6014; 0.614754
59.5828; 6.83455; 59.3151; 3.40279; 52.2997; 1.95288; 48.0312; 1.3774; 44.3166; 0.601906
58.8979; 6.61222; 57.4749; 3.11351; 50.7509; 1.81218; 46.6559; 1.28891; 43.0899; 0.589639
58.1868; 6.38906; 55.7346; 2.86259; 49.2844; 1.68831; 45.3527; 1.21031; 41.9267; 0.578008
57.4806; 6.1749; 54.0875; 2.64376; 47.8948; 1.57876; 44.117; 0.67856; 40.8232; 0.566972
56.7868; 5.97147; 52.5275; 2.45195; 46.5773; 1.48146; 42.9446; 0.666836; 39.7756; 0.556496
56.1068; 5.7786; 51.0489; 2.28301; 45.3272; 1.39469; 41.8315; 0.655705; 38.7805; 0.546545
55.4406; 5.59571; 49.6464; 2.13354; 44.1403; 1.31701; 40.7741; 0.645131; 37.8347; 0.537088
54.7881; 5.42216; 48.3154; 2.00074; 43.0128; 1.24724; 39.769; 0.63508; 36.9353; 0.528093
54.1488; 5.25735; 47.0511; 1.88228; 41.941; 0.7415; 38.8131; 0.625521; 36.0795; 0.519535
53.5223; 5.10073; 45.8497; 1.77619; 40.9216; 0.731306; 37.9034; 0.616424; 35.2647; 0.511387
52.9085; 4.95178; 44.707; 1.68086; 39.9513; 0.721603; 37.0372; 0.607762; 34.4886; 0.503626
52.3069; 4.81003; 43.6197; 1.59489; 39.0272; 0.712363; 36.2119; 0.599509; 33.7488; 0.496228
51.7174; 4.67504; 42.5843; 1.51712; 38.1467; 0.703557; 35.4252; 0.591641; 33.0433; 0.489173
51.1395; 4.5464; 41.5977; 1.44655; 37.3072; 0.695162; 34.6747; 0.584137; 32.3702; 0.482442
50.573; 4.42374; 40.657; 1.38233; 36.5063; 0.687153; 33.9585; 0.576975; 31.7276; 0.476016
50.0176; 4.3067; 39.7596; 1.32371; 35.7417; 0.679507; 33.2746; 0.570136; 31.1137; 0.469877
49.4731; 4.19496; 38.903; 0.83938; 35.0114; 0.672204; 32.6211; 0.563601; 30.527; 0.46401
48.9392; 4.08821; 38.0847; 0.831197; 34.3135; 0.665225; 31.9964; 0.557354; 29.966; 0.4584
48.4157; 3.98617; 37.3026; 0.823376; 33.6461; 0.658551; 31.3989; 0.551379; 29.4292; 0.453032
47.9023; 3.88858; 36.5547; 0.815897; 33.0076; 0.652166; 30.827; 0.54566; 28.9154; 0.447894
48.0474; 3.91591; 37.7742; 0.828092; 34.0458; 0.662548; 31.7559; 0.554949; 29.7497; 0.456237
48.7893; 4.05871; 39.6199; 1.31481; 35.6178; 0.678268; 33.1626; 0.569016; 31.0134; 0.468874
49.6856; 4.23821; 41.4087; 1.43341; 37.1402; 0.693492; 34.5243; 0.582633; 32.2359; 0.481099
50.616; 4.43295; 43.1262; 1.55735; 38.6009; 0.708099; 35.8302; 0.595692; 33.408; 0.49282
51.5478; 4.63692; 44.775; 1.68639; 40.0023; 0.722113; 37.0826; 0.608216; 34.5317; 0.504057
52.4718; 4.84846; 46.3579; 1.82032; 41.3469; 0.735559; 38.2839; 0.620229; 35.6092; 0.514832
53.3856; 5.06716; 47.8776; 1.9589; 42.6373; 1.22482; 39.4363; 0.631753; 36.6426; 0.525166
54.2886; 5.29296; 49.3368; 2.10189; 43.8757; 1.30029; 40.542; 0.64281; 37.6338; 0.535078
55.1807; 5.52593; 50.7382; 2.24902; 45.0645; 1.37711; 41.6031; 0.653421; 38.5849; 0.544588
56.062; 5.76612; 52.0841; 2.40002; 46.2058; 1.45512; 42.6216; 0.663606; 39.4975; 0.553715
56.9325; 6.01364; 53.377; 2.55461; 47.3018; 1.5342; 43.5995; 0.673385; 40.3735; 0.562475
57.7924; 6.26856; 54.6192; 2.71251; 48.3546; 1.61419; 44.5385; 1.16366; 41.2146; 0.570887
58.6418; 6.53097; 55.8129; 2.87344; 49.3659; 1.69497; 45.4405; 1.21545; 42.0224; 0.578964
59.4808; 6.80096; 56.9603; 3.03711; 50.3378; 1.77639; 46.3071; 1.26739; 42.7984; 0.586724
60.3095; 7.0786; 58.0634; 3.20324; 51.2719; 1.85834; 47.1399; 1.31939; 43.544; 0.59418
61.1281; 7.36397; 59.1241; 3.37156; 52.17; 1.9407; 47.9405; 1.37138; 44.2607; 0.601347
61.9367; 7.65714; 60.1443; 3.54179; 53.0337; 2.02333; 48.7104; 1.42332; 44.9498; 0.608238
62.7354; 7.95818; 61.1259; 3.71368; 53.8646; 2.10615; 49.4509; 1.47513; 45.6126; 0.614866
63.5243; 8.26716; 62.0705; 3.88698; 54.6641; 2.18904; 50.1635; 1.52676; 46.2503; 0.621243
64.3036; 8.58412; 62.9799; 4.06143; 55.4337; 2.27191; 50.8493; 1.57816; 46.864; 1.14001
65.0734; 8.90915; 63.8555; 4.23681; 56.1747; 2.35466; 51.5096; 1.62928; 47.4548; 1.173
65.1183; 8.92851; 62.5215; 3.97254; 55.0614; 2.23144; 50.5259; 1.55371; 46.5813; 1.12456
64.5277; 8.67751; 60.5565; 3.61298; 53.4098; 2.06041; 49.0604; 1.44758; 45.2749; 0.611489
63.7879; 8.37302; 58.6864; 3.30105; 51.8355; 1.90961; 47.6622; 1.35308; 44.0274; 0.599013
63.023; 8.06946; 56.9175; 3.03084; 50.3446; 1.77698; 46.3369; 1.26921; 42.8442; 0.587182
62.2642; 7.77916; 55.2431; 2.79546; 48.9315; 1.65979; 45.08; 1.19448; 41.7214; 0.575954
61.5188; 7.50417; 53.6568; 2.58936; 47.5914; 1.5558; 43.8871; 0.676261; 40.6551; 0.565291
60.7882; 7.24409; 52.1531; 2.40803; 46.3195; 1.46313; 42.7543; 0.664933; 39.642; 0.55516
60.0724; 6.99804; 50.7265; 2.24775; 45.1117; 1.38025; 41.6778; 0.654169; 38.6788; 0.545528
59.3712; 6.76509; 49.3722; 2.10548; 43.964; 1.30585; 40.6544; 0.643934; 37.7625; 0.536365
58.6842; 6.54436; 48.0856; 1.97867; 42.8727; 1.23883; 39.6806; 0.634196; 36.8903; 0.527643
58.011; 6.33506; 46.8625; 1.86521; 41.8343; 0.740434; 38.7537; 0.624927; 36.0597; 0.519337
57.3512; 6.13644; 45.699; 1.76332; 40.8458; 0.730548; 37.8707; 0.616097; 35.2681; 0.511422
56.7045; 5.94781; 44.5915; 1.67151; 39.904; 0.721131; 37.0292; 0.607682; 34.5135; 0.503875
56.0707; 5.76854; 43.5366; 1.58851; 39.0064; 0.712154; 36.2267; 0.599657; 33.7935; 0.496675
55.4493; 5.59805; 42.5311; 1.51323; 38.1502; 0.703592; 35.461; 0.592; 33.1062; 0.489802
54.8401; 5.4358; 41.5721; 1.44477; 37.3331; 0.695421; 34.7299; 0.584689; 32.4498; 0.483238
54.2428; 5.28128; 40.657; 1.38232; 36.5528; 0.687618; 34.0316; 0.577706; 31.8226; 0.476966
53.6571; 5.13403; 39.7831; 1.32521; 35.8072; 0.680163; 33.364; 0.57103; 31.2229; 0.470969
53.0828; 4.99362; 38.9481; 0.839831; 35.0945; 0.673035; 32.7256; 0.564646; 30.6491; 0.465231
52.5195; 4.85964; 38.1497; 0.831847; 34.4126; 0.666216; 32.1147; 0.558537; 30.1; 0.45974
51.967; 4.73173; 37.3859; 0.824209; 33.7599; 0.659689; 31.5297; 0.552688; 29.574; 0.45448
52.0854; 4.75886; 38.5967; 0.836316; 34.7896; 0.669986; 32.4503; 0.561893; 30.4003; 0.462743
52.8095; 4.92817; 40.4348; 1.36757; 36.3541; 0.685631; 33.8496; 0.575886; 31.6566; 0.475306
53.6892; 5.142; 42.2158; 1.49037; 37.8688; 0.700777; 35.2036; 0.589426; 32.8717; 0.487457
54.603; 5.37393; 43.9252; 1.61859; 39.3215; 0.715305; 36.5018; 0.602408; 34.0363; 0.499103
55.5178; 5.6166; 45.5655; 1.75199; 40.7147; 0.729237; 37.7463; 0.614852; 35.1523; 0.510263
56.4247; 5.86799; 47.1397; 1.89034; 42.051; 1.19064; 38.9395; 0.626785; 36.222; 0.52096
57.3212; 6.12757; 48.6505; 2.03338; 43.3329; 1.26666; 40.0837; 0.638227; 37.2475; 0.531215
58.2068; 6.39525; 50.1006; 2.18084; 44.5627; 1.34414; 41.1812; 0.649202; 38.2309; 0.541049
59.0814; 6.67107; 51.4927; 2.33246; 45.7428; 1.42295; 42.234; 0.65973; 39.174; 0.55048
59.945; 6.9551; 52.8292; 2.48793; 46.8753; 1.50293; 43.2442; 0.669832; 40.0787; 0.559527
60.7977; 7.24742; 54.1125; 2.64696; 47.9625; 1.58392; 44.2136; 1.14555; 40.9467; 0.568207
61.6397; 7.5481; 55.3451; 2.80926; 49.0063; 1.66579; 45.1442; 1.19819; 41.7798; 0.576539
62.471; 7.85723; 56.5291; 2.97453; 50.0087; 1.7484; 46.0378; 1.25101; 42.5796; 0.584536
63.2918; 8.17487; 57.6667; 3.14248; 50.9716; 1.8316; 46.8959; 1.30394; 43.3476; 0.592216
64.1023; 8.5011; 58.76; 3.3128; 51.8968; 1.91526; 47.7203; 1.35688; 44.0853; 0.599593
64.9026; 8.83599; 59.8108; 3.48522; 52.7859; 1.99927; 48.5125; 1.40979; 44.7941; 0.606681
65.6927; 9.17958; 60.8212; 3.65945; 53.6407; 2.08351; 49.274; 1.46258; 45.4753; 0.613493
66.4729; 9.53194; 61.7929; 3.83523; 54.4626; 2.16785; 50.0062; 1.51521; 46.1303; 0.620043
67.2432; 9.89312; 62.7277; 4.01229; 55.2532; 2.2522; 50.7104; 1.56761; 46.7601; 1.13431
68.0037; 10.2632; 63.6272; 4.19038; 56.014; 2.33646; 51.388; 1.61974; 47.3661; 1.16798
68.7547; 10.6421; 64.4931; 4.36926; 56.7462; 2.42054; 52.0401; 1.67155; 47.9493; 1.20134
68.7698; 10.6499; 63.1441; 4.09377; 55.6201; 2.29245; 51.0449; 1.59314; 47.0653; 1.15114
68.142; 10.3319; 61.1638; 3.72048; 53.9555; 2.11542; 49.5677; 1.48347; 45.7482; 0.616222
67.3646; 9.95129; 59.279; 3.39687; 52.3686; 1.9594; 48.1581; 1.38587; 44.4904; 0.603644
66.5629; 9.57348; 57.4962; 3.11671; 50.8657; 1.82225; 46.8219; 1.29929; 43.2974; 0.591714
65.7681; 9.21303; 55.8084; 2.87281; 49.4411; 1.70113; 45.5546; 1.22217; 42.165; 0.58039
64.9873; 8.87221; 54.2093; 2.65936; 48.0898; 1.59369; 44.3516; 1.15321; 41.0896; 0.569635
64.2221; 8.55039; 52.6933; 2.47166; 46.8073; 1.498; 43.2091; 0.669481; 40.0675; 0.559415
63.4723; 8.24642; 51.2549; 2.30583; 45.5892; 1.41244; 42.1233; 0.658623; 39.0957; 0.549697
62.7378; 7.95908; 49.8892; 2.1587; 44.4316; 1.33566; 41.0907; 0.648297; 38.1711; 0.540451
62.018; 7.68724; 48.5916; 2.02761; 43.3306; 1.26652; 40.1082; 0.638472; 37.2909; 0.531649
61.3126; 7.42984; 47.358; 1.91037; 42.283; 1.20405; 39.1728; 0.629118; 36.4524; 0.523264
60.6212; 7.18593; 46.1843; 1.80512; 41.2855; 0.734945; 38.2816; 0.620206; 35.6533; 0.515273
59.9435; 6.95462; 45.0669; 1.71032; 40.3351; 0.725441; 37.4321; 0.611711; 34.8912; 0.507652
59.2792; 6.73509; 44.0025; 1.62464; 39.429; 0.71638; 36.6219; 0.603609; 34.1641; 0.500381
58.6279; 6.52659; 42.9878; 1.54697; 38.5646; 0.707736; 35.8486; 0.595876; 33.4698; 0.493439
57.9893; 6.32843; 42.0199; 1.47634; 37.7395; 0.699485; 35.1102; 0.588492; 32.8067; 0.486807
57.3631; 6.13996; 41.096; 1.41194; 36.9515; 0.691605; 34.4047; 0.581437; 32.1728; 0.480469
56.7489; 5.96058; 40.2137; 1.35305; 36.1985; 0.684075; 33.7302; 0.574692; 31.5667; 0.474407
56.1466; 5.78974; 39.3705; 1.29907; 35.4784; 0.676874; 33.085; 0.56824; 30.9867; 0.468607
55.5559; 5.62693; 38.5641; 0.835991; 34.7894; 0.669984; 32.4675; 0.562065; 30.4314; 0.463054
54.9763; 5.47167; 37.7926; 0.828276; 34.1298; 0.663388; 31.8762; 0.556152; 29.8995; 0.457735
55.0769; 5.49831; 38.9991; 0.840341; 35.1553; 0.673643; 32.7927; 0.565317; 30.7217; 0.465957
55.7897; 5.69082; 40.8336; 1.39416; 36.7161; 0.689251; 34.1883; 0.579273; 31.9745; 0.478485
56.6589; 5.93471; 42.6107; 1.51906; 38.2269; 0.704359; 35.5386; 0.592776; 33.1859; 0.490599
57.5619; 6.1992; 44.3161; 1.64943; 39.6757; 0.718848; 36.8328; 0.605718; 34.3467; 0.502207
58.4659; 6.47574; 45.9523; 1.78501; 41.0649; 0.732739; 38.0734; 0.618124; 35.4589; 0.513329
59.3617; 6.76198; 47.5222; 1.92557; 42.3971; 1.21071; 39.2627; 0.630017; 36.5248; 0.523988
60.2471; 7.05729; 49.0286; 2.07084; 43.6748; 1.28774; 40.4029; 0.641419; 37.5464; 0.534204
61.1213; 7.36155; 50.4743; 2.22055; 44.9004; 1.36624; 41.4963; 0.652353; 38.5259; 0.543999
61.9844; 7.67479; 51.8618; 2.3744; 46.0762; 1.44605; 42.545; 0.66284; 39.4651; 0.553391
62.8363; 7.99706; 53.1937; 2.5321; 47.2045; 1.527; 43.5511; 0.6729; 40.3658; 0.562398
63.6773; 8.32843; 54.4724; 2.69335; 48.2873; 1.60896; 44.5164; 1.16242; 41.2299; 0.571039
64.5074; 8.66898; 55.7003; 2.85785; 49.3267; 1.69176; 45.4428; 1.21559; 42.0591; 0.579331
65.3267; 9.01878; 56.8795; 3.02528; 50.3247; 1.77528; 46.3322; 1.26892; 42.8549; 0.587289
66.1354; 9.37788; 58.0123; 3.19535; 51.2832; 1.85936; 47.1862; 1.32234; 43.619; 0.59493
66.9336; 9.74635; 59.1008; 3.36776; 52.204; 1.94388; 48.0065; 1.37576; 44.3528; 0.602268
67.7215; 10.1242; 60.1468; 3.54222; 53.0887; 2.02872; 48.7945; 1.42911; 45.0576; 0.609317
68.4992; 10.5116; 61.1524; 3.71843; 53.9391; 2.11374; 49.5519; 1.48233; 45.735; 0.61609
69.2667; 10.9085; 62.1192; 3.89613; 54.7566; 2.19884; 50.2799; 1.53537; 46.386; 1.114
70.0244; 11.3149; 63.0492; 4.07505; 55.5429; 2.28392; 50.9801; 1.58815; 47.012; 1.14819
70.7722; 11.7309; 63.9439; 4.25494; 56.2992; 2.36887; 51.6535; 1.64064; 47.6142; 1.18206
71.5104; 12.1565; 64.805; 4.43555; 57.0271; 2.45359; 52.3016; 1.69279; 48.1936; 1.21559
71.5042; 12.1529; 63.4487; 4.15442; 55.8948; 2.32305; 51.3008; 1.61294; 47.3044; 1.16451
70.8496; 11.7748; 61.4608; 3.77423; 54.2237; 2.14299; 49.8177; 1.50148; 45.9821; 0.618561
70.0453; 11.3263; 59.5689; 3.44476; 52.6307; 1.98435; 48.4025; 1.40232; 44.7192; 0.605932
69.2172; 10.8824; 57.7793; 3.1596; 51.1218; 1.84493; 47.061; 1.31437; 43.5213; 0.593953
68.3964; 10.4596; 56.0849; 2.91142; 49.6915; 1.72182; 45.7885; 1.23605; 42.3842; 0.582582
67.5902; 10.0603; 54.4796; 2.69429; 48.3348; 1.61266; 44.5806; 1.16602; 41.3042; 0.571782
66.8001; 9.68371; 52.9575; 2.50339; 47.0471; 1.51544; 43.4333; 0.671723; 40.2778; 0.561518
66.0258; 9.32842; 51.5133; 2.33479; 45.8239; 1.42854; 42.3428; 0.660818; 39.3017; 0.551757
65.2672; 8.99294; 50.1421; 2.18522; 44.6614; 1.35057; 41.3058; 0.650448; 38.373; 0.54247
64.5239; 8.67589; 48.8392; 2.05199; 43.5558; 1.28036; 40.319; 0.64058; 37.4888; 0.533628
63.7953; 8.37601; 47.6004; 1.93285; 42.5036; 1.21694; 39.3794; 0.631184; 36.6464; 0.525205
63.0811; 8.09214; 46.4217; 1.82593; 41.5016; 0.737106; 38.4841; 0.622231; 35.8436; 0.517176
62.3811; 7.8232; 45.2995; 1.72963; 40.5469; 0.727559; 37.6307; 0.613697; 35.0779; 0.509519
61.6948; 7.56821; 44.2304; 1.64262; 39.6367; 0.718457; 36.8166; 0.605556; 34.3472; 0.502212
61.0218; 7.32628; 43.2112; 1.56374; 38.7683; 0.709773; 36.0397; 0.597786; 33.6495; 0.495235
60.362; 7.09655; 42.2389; 1.49203; 37.9393; 0.701483; 35.2976; 0.590366; 32.983; 0.48857
59.7149; 6.87826; 41.3108; 1.42665; 37.1475; 0.693565; 34.5886; 0.583276; 32.3459; 0.482199
59.0802; 6.67069; 40.4243; 1.36688; 36.3908; 0.685998; 33.9107; 0.576497; 31.7365; 0.476105
58.4577; 6.47317; 39.5771; 1.3121; 35.6671; 0.678761; 33.2622; 0.570012; 31.1534; 0.470274
57.847; 6.2851; 38.7669; 0.838019; 34.9746; 0.671836; 32.6415; 0.563804; 30.5951; 0.464691
57.2479; 6.10591; 37.9915; 0.830265; 34.3116; 0.665206; 32.0469; 0.557859; 30.0602; 0.459342
57.3359; 6.1319; 39.1959; 1.28817; 35.3351; 0.675441; 32.9614; 0.567004; 30.8805; 0.467546
58.0409; 6.34421; 41.0286; 1.40735; 36.8941; 0.69103; 34.3552; 0.580942; 32.1315; 0.480055
58.9028; 6.61381; 42.8039; 1.53329; 38.403; 0.70612; 35.7036; 0.594426; 33.3411; 0.492151
59.7986; 6.90613; 44.5073; 1.66473; 39.8499; 0.720589; 36.996; 0.60735; 34.5; 0.50374
60.6951; 7.2116; 46.1415; 1.80139; 41.2371; 0.734461; 38.2347; 0.619737; 35.6104; 0.514844
61.5833; 7.52759; 47.7093; 1.94305; 42.5673; 1.22069; 39.422; 0.63161; 36.6744; 0.525483
62.4609; 7.85339; 49.2136; 2.08942; 43.8429; 1.29824; 40.5602; 0.642992; 37.6941; 0.535681
63.3272; 8.18885; 50.6571; 2.24023; 45.0664; 1.37724; 41.6516; 0.653906; 38.6716; 0.545456
64.1822; 8.53397; 52.0424; 2.39519; 46.2401; 1.45753; 42.6983; 0.664373; 39.6089; 0.554829
65.026; 8.88882; 53.372; 2.55399; 47.3662; 1.53897; 43.7023; 0.674413; 40.5077; 0.563817
65.8587; 9.25345; 54.6484; 2.71634; 48.4469; 1.6214; 44.6656; 1.17082; 41.3698; 0.572438
66.6804; 9.62792; 55.874; 2.88192; 49.4842; 1.70467; 45.59; 1.22426; 42.1971; 0.580711
67.4912; 10.0123; 57.0509; 3.05042; 50.4801; 1.78864; 46.4773; 1.27785; 42.9909; 0.588649
68.2913; 10.4066; 58.1814; 3.22154; 51.4364; 1.87316; 47.3293; 1.3315; 43.7531; 0.596271
69.0808; 10.811; 59.2674; 3.39497; 52.355; 1.9581; 48.1475; 1.38516; 44.4849; 0.603589
69.8599; 11.2254; 60.3111; 3.57043; 53.2375; 2.04334; 48.9335; 1.43873; 45.1878; 0.610618
70.6287; 11.6499; 61.3143; 3.74762; 54.0857; 2.12876; 49.6888; 1.49217; 45.8632; 0.617372
71.3873; 12.0845; 62.2788; 3.92627; 54.9011; 2.21424; 50.4148; 1.5454; 46.5124; 1.12082
72.1358; 12.5292; 63.2064; 4.10611; 55.6852; 2.29967; 51.1129; 1.59838; 47.1365; 1.15511
72.8745; 12.9841; 64.0988; 4.28688; 56.4394; 2.38495; 51.7844; 1.65104; 47.7367; 1.18907
73.6034; 13.4492; 64.9575; 4.46834; 57.1652; 2.47; 52.4305; 1.70335; 48.3142; 1.2227
73.5816; 13.435; 63.5977; 4.18441; 56.0297; 2.33824; 51.4269; 1.62279; 47.4226; 1.17117
72.9072; 13.0046; 61.6061; 3.80079; 54.3555; 2.15667; 49.9409; 1.51044; 46.0976; 0.619716
72.0829; 12.4972; 59.7107; 3.46842; 52.7595; 1.99672; 48.523; 1.4105; 44.8322; 0.607062
71.2351; 11.996; 57.9177; 3.18079; 51.2477; 1.85617; 47.1789; 1.32187; 43.6319; 0.595059
70.3951; 11.5192; 56.2201; 2.93049; 49.8146; 1.73209; 45.9038; 1.24295; 42.4925; 0.583665
69.57; 11.0694; 54.6118; 2.71154; 48.4553; 1.62206; 44.6934; 1.17239; 41.4102; 0.572842
68.7613; 10.6455; 53.0868; 2.51906; 47.1649; 1.52409; 43.5438; 0.672828; 40.3816; 0.562557
67.9689; 10.2459; 51.6397; 2.34908; 45.9393; 1.43652; 42.451; 0.6619; 39.4035; 0.552775
67.1925; 9.86893; 50.2658; 2.1983; 44.7743; 1.35795; 41.4118; 0.651508; 38.4727; 0.543467
66.4315; 9.51294; 48.9602; 2.06402; 43.6664; 1.28722; 40.4228; 0.641618; 37.5865; 0.534605
65.6857; 9.17649; 47.7189; 1.94395; 42.6119; 1.22333; 39.4812; 0.632201; 36.7423; 0.526163
64.9547; 8.85824; 46.5378; 1.83619; 41.6078; 0.738168; 38.5839; 0.623229; 35.9376; 0.518116
64.238; 8.55696; 45.4132; 1.73916; 40.651; 0.7286; 37.7286; 0.614675; 35.1701; 0.51044
63.5353; 8.27153; 44.3418; 1.65148; 39.7387; 0.719477; 36.9126; 0.606516; 34.4376; 0.503116
62.8463; 8.00089; 43.3204; 1.57201; 38.8684; 0.710774; 36.1338; 0.598728; 33.7382; 0.496123
62.1706; 7.74409; 42.346; 1.49977; 38.0375; 0.702465; 35.39; 0.59129; 33.0701; 0.489441
61.5079; 7.50025; 41.4158; 1.43391; 37.2438; 0.694528; 34.6792; 0.584183; 32.4314; 0.483053
60.858; 7.26853; 40.5273; 1.3737; 36.4853; 0.686943; 33.9997; 0.577387; 31.8204; 0.476944
60.2204; 7.04819; 39.6781; 1.31851; 35.7598; 0.679688; 33.3495; 0.570885; 31.2358; 0.471098
59.5949; 6.83852; 38.866; 0.83901; 35.0656; 0.672746; 32.7272; 0.564662; 30.676; 0.4655
58.9812; 6.63886; 38.0888; 0.831238; 34.401; 0.666099; 32.1311; 0.558701; 30.1397; 0.460137
59.0598; 6.66413; 39.2922; 1.29417; 35.4234; 0.676324; 33.0445; 0.567836; 30.959; 0.46833
59.7593; 6.89302; 41.124; 1.41384; 36.9815; 0.691905; 34.4375; 0.581765; 32.209; 0.48083
60.6161; 7.18414; 42.8983; 1.5403; 38.4895; 0.706985; 35.785; 0.59524; 33.4178; 0.492918
61.5066; 7.49976; 44.6008; 1.67226; 39.9354; 0.721444; 37.0764; 0.608154; 34.5758; 0.504498
62.3976; 7.82945; 46.234; 1.80946; 41.3217; 0.735307; 38.3141; 0.620531; 35.6852; 0.515592
63.2803; 8.17033; 47.8008; 1.95165; 42.6509; 1.22563; 39.5005; 0.632395; 36.7482; 0.526222
64.1523; 8.52162; 49.304; 2.09856; 43.9255; 1.30342; 40.6377; 0.643767; 37.767; 0.53641
65.0128; 8.88315; 50.7464; 2.24992; 45.148; 1.38267; 41.7282; 0.654671; 38.7436; 0.546176
65.862; 9.25492; 52.1307; 2.40542; 46.3206; 1.46321; 42.7739; 0.665129; 39.6799; 0.555539
66.6998; 9.63697; 53.4592; 2.56477; 47.4457; 1.54489; 43.7769; 0.675159; 40.5777; 0.564517
67.5264; 10.0293; 54.7345; 2.72765; 48.5253; 1.62756; 44.7391; 1.17498; 41.4389; 0.573129
68.3419; 10.4321; 55.9589; 2.89376; 49.5616; 1.71105; 45.6625; 1.22855; 42.2652; 0.581392
69.1465; 10.8453; 57.1347; 3.06279; 50.5564; 1.79524; 46.5488; 1.28227; 43.0581; 0.589321
69.9402; 11.269; 58.264; 3.23442; 51.5116; 1.87998; 47.3998; 1.33604; 43.8193; 0.596933
70.7233; 11.7032; 59.3489; 3.40836; 52.4291; 1.96513; 48.217; 1.38981; 44.5501; 0.604241
71.4959; 12.148; 60.3915; 3.58431; 53.3106; 2.05057; 49.002; 1.4435; 45.2521; 0.611261
72.2581; 12.6034; 61.3935; 3.76198; 54.1578; 2.13618; 49.7563; 1.49704; 45.9266; 0.618006
73.01; 13.0693; 62.3569; 3.94109; 54.9721; 2.22184; 50.4813; 1.55037; 46.5748; 1.1242
73.7519; 13.5459; 63.2833; 4.12138; 55.7551; 2.30744; 51.1784; 1.60344; 47.198; 1.15854
74.4837; 14.0331; 64.1745; 4.30258; 56.5083; 2.3929; 51.8489; 1.65619; 47.7973; 1.19255
75.2058; 14.531; 65.0321; 4.48446; 57.233; 2.47811; 52.494; 1.70859; 48.3739; 1.22622
75.1722; 14.5074; 63.6705; 4.19915; 56.0961; 2.34574; 51.489; 1.62766; 47.4809; 1.17448
74.4827; 14.0325; 61.6772; 3.81385; 54.4202; 2.16342; 50.0016; 1.51488; 46.1547; 0.620287
73.6433; 13.4751; 59.78; 3.48005; 52.8227; 2.00283; 48.5824; 1.41455; 44.888; 0.60762
72.7807; 12.9254; 57.9854; 3.1912; 51.3095; 1.86172; 47.2369; 1.32558; 43.6865; 0.595605
71.9261; 12.4029; 56.2863; 2.93986; 49.8751; 1.73715; 45.9606; 1.24636; 42.5459; 0.5842
71.0867; 11.9104; 54.6764; 2.72001; 48.5144; 1.6267; 44.749; 1.17555; 41.4626; 0.573366
70.264; 11.4466; 53.1499; 2.52676; 47.2228; 1.52835; 43.5982; 0.673372; 40.4329; 0.563069
69.4579; 11.0096; 51.7015; 2.3561; 45.9959; 1.44045; 42.5043; 0.662433; 39.4537; 0.553277
68.6679; 10.5976; 50.3262; 2.20473; 44.8298; 1.36159; 41.464; 0.65203; 38.522; 0.54396
67.8937; 10.2088; 49.0194; 2.06992; 43.7207; 1.2906; 40.474; 0.64213; 37.6348; 0.535088
67.1349; 9.84152; 47.7768; 1.94939; 42.6652; 1.22648; 39.5313; 0.632703; 36.7896; 0.526636
66.391; 9.49433; 46.5945; 1.84123; 41.66; 0.73869; 38.6331; 0.623721; 35.984; 0.51858
65.6617; 9.16584; 45.4688; 1.74383; 40.7022; 0.729112; 37.7768; 0.615158; 35.2156; 0.510896
64.9466; 8.8548; 44.3963; 1.65583; 39.7889; 0.719979; 36.9599; 0.606989; 34.4823; 0.503563
64.2454; 8.56005; 43.3738; 1.57607; 38.9176; 0.711265; 36.1802; 0.599192; 33.7821; 0.496561
63.5578; 8.28051; 42.3983; 1.50357; 38.0857; 0.702947; 35.4355; 0.591745; 33.1131; 0.489871
62.8833; 8.01521; 41.4672; 1.43746; 37.2912; 0.695001; 34.7239; 0.584629; 32.4736; 0.483476
62.2218; 7.76324; 40.5777; 1.37704; 36.5317; 0.687407; 34.0435; 0.577825; 31.8619; 0.477359
61.5727; 7.52376; 39.7275; 1.32166; 35.8054; 0.680144; 33.3925; 0.571315; 31.2765; 0.471505
60.936; 7.29598; 38.9145; 0.839495; 35.1103; 0.673194; 32.7694; 0.565084; 30.7159; 0.465899
60.3112; 7.07919; 38.1364; 0.831713; 34.4448; 0.666539; 32.1725; 0.559115; 30.1789; 0.460529
60.3829; 7.10374; 39.3392; 1.29711; 35.4668; 0.676758; 33.0855; 0.568245; 30.9977; 0.468717
61.0782; 7.34625; 41.1706; 1.41703; 37.0244; 0.692334; 34.478; 0.58217; 32.2473; 0.481213
61.9312; 7.6551; 42.9445; 1.54374; 38.532; 0.70741; 35.8251; 0.595641; 33.4556; 0.493296
62.8178; 7.98989; 44.6465; 1.67595; 39.9774; 0.721865; 37.1161; 0.608551; 34.6132; 0.504872
63.7048; 8.33951; 46.2792; 1.81341; 41.3632; 0.735722; 38.3533; 0.620923; 35.7221; 0.515961
64.5834; 8.70086; 47.8455; 1.95587; 42.6919; 1.22806; 39.5391; 0.632781; 36.7847; 0.526587
65.4511; 9.07311; 49.3482; 2.10305; 43.9661; 1.30598; 40.6759; 0.644149; 37.8031; 0.536771
66.3073; 9.45607; 50.7901; 2.25467; 45.1881; 1.38535; 41.7659; 0.655049; 38.7792; 0.546532
67.1521; 9.84972; 52.1738; 2.41044; 46.3602; 1.46601; 42.8111; 0.665501; 39.715; 0.55589
67.9855; 10.2541; 53.5018; 2.57005; 47.4848; 1.54781; 43.8136; 0.675526; 40.6123; 0.564863
68.8075; 10.6693; 54.7766; 2.7332; 48.5639; 1.63059; 44.7754; 1.17704; 41.4731; 0.573471
69.6184; 11.0952; 56.0004; 2.89957; 49.5996; 1.7142; 45.6983; 1.23067; 42.2989; 0.581729
70.4182; 11.5321; 57.1757; 3.06885; 50.5939; 1.79849; 46.5841; 1.28445; 43.0913; 0.589653
71.2072; 11.9799; 58.3044; 3.24074; 51.5486; 1.88334; 47.4345; 1.33829; 43.852; 0.59726
71.9854; 12.4385; 59.3888; 3.41492; 52.4656; 1.96859; 48.2512; 1.39211; 44.5824; 0.604564
72.7531; 12.9082; 60.4307; 3.59111; 53.3466; 2.05413; 49.0357; 1.44585; 45.2839; 0.611579
73.5103; 13.3888; 61.4322; 3.76902; 54.1932; 2.13983; 49.7895; 1.49944; 45.9579; 0.618319
74.2572; 13.8805; 62.395; 3.94836; 55.007; 2.22558; 50.5141; 1.55282; 46.6056; 1.12588
74.9939; 14.3831; 63.3209; 4.12886; 55.7895; 2.31128; 51.2107; 1.60594; 47.2283; 1.16024
75.7206; 14.8967; 64.2116; 4.31028; 56.5422; 2.39681; 51.8807; 1.65873; 47.8272; 1.19428
76.4375; 15.4213; 65.0685; 4.49236; 57.2663; 2.4821; 52.5253; 1.71117; 48.4033; 1.22796
76.3949; 15.3896; 63.7061; 4.20637; 56.1286; 2.34943; 51.5196; 1.63007; 47.5097; 1.17611
75.694; 14.8775; 61.7119; 3.82025; 54.4521; 2.16675; 50.0315; 1.51706; 46.1828; 0.620568
74.8429; 14.2786; 59.8139; 3.48574; 52.8538; 2.00584; 48.6116; 1.41655; 44.9156; 0.607896
73.969; 13.6887; 58.0185; 3.1963; 51.3399; 1.86446; 47.2655; 1.32741; 43.7135; 0.595875
73.1033; 13.1283; 56.3186; 2.94445; 49.9048; 1.73965; 45.9886; 1.24805; 42.5724; 0.584464
72.253; 12.6003; 54.708; 2.72416; 48.5435; 1.62898; 44.7764; 1.1771; 41.4884; 0.573625
71.4196; 12.1033; 53.1808; 2.53053; 47.2512; 1.53045; 43.625; 0.67364; 40.4583; 0.563323
70.6029; 11.6354; 51.7317; 2.35954; 46.0238; 1.44239; 42.5306; 0.662696; 39.4786; 0.553526
69.8026; 11.1944; 50.3558; 2.20788; 44.8571; 1.36339; 41.4898; 0.652288; 38.5463; 0.544203
69.0183; 10.7784; 49.0484; 2.07282; 43.7474; 1.29227; 40.4992; 0.642382; 37.6586; 0.535327
68.2495; 10.3856; 47.8052; 1.95206; 42.6914; 1.22803; 39.556; 0.63295; 36.813; 0.52687
67.4958; 10.0145; 46.6223; 1.8437; 41.6856; 0.738946; 38.6573; 0.623963; 36.0069; 0.518809
66.7569; 9.66355; 45.496; 1.74612; 40.7273; 0.729363; 37.8005; 0.615395; 35.2381; 0.511121
66.0324; 9.33135; 44.423; 1.65796; 39.8135; 0.720225; 36.9832; 0.607222; 34.5043; 0.503783
65.3219; 9.01668; 43.3999; 1.57806; 38.9417; 0.711507; 36.203; 0.59942; 33.8037; 0.496777
64.625; 8.71838; 42.4239; 1.50542; 38.1094; 0.703184; 35.4579; 0.591969; 33.1343; 0.490083
63.9416; 8.43538; 41.4923; 1.43921; 37.3144; 0.695234; 34.7459; 0.584849; 32.4944; 0.483684
63.2711; 8.1667; 40.6023; 1.37868; 36.5545; 0.687635; 34.0651; 0.578041; 31.8823; 0.477564
62.6134; 7.91144; 39.7517; 1.3232; 35.8278; 0.680368; 33.4137; 0.571527; 31.2966; 0.471706
61.9681; 7.66874; 38.9382; 0.839732; 35.1323; 0.673413; 32.7902; 0.565292; 30.7357; 0.466097
61.3349; 7.43784; 38.1596; 0.831946; 34.4664; 0.666754; 32.193; 0.55932; 30.1983; 0.460722
61.4012; 7.46171; 39.3622; 1.29856; 35.4881; 0.676971; 33.1057; 0.568447; 31.0169; 0.468908
62.0934; 7.71527; 41.1934; 1.41859; 37.0455; 0.692545; 34.498; 0.58237; 32.2663; 0.481403
62.9434; 8.03851; 42.9671; 1.54542; 38.5529; 0.707619; 35.8448; 0.595838; 33.4743; 0.493483
63.8271; 8.38887; 44.6688; 1.67776; 39.9981; 0.722071; 37.1356; 0.608746; 34.6317; 0.505057
64.711; 8.75466; 46.3013; 1.81535; 41.3836; 0.735926; 38.3726; 0.621116; 35.7404; 0.516144
65.5865; 9.13261; 47.8674; 1.95793; 42.7121; 1.22926; 39.5582; 0.632972; 36.8028; 0.526768
66.4509; 9.52186; 49.3699; 2.10524; 43.986; 1.30724; 40.6947; 0.644337; 37.8209; 0.536949
67.3039; 9.92219; 50.8115; 2.257; 45.2077; 1.38667; 41.7844; 0.655234; 38.7967; 0.546707
68.1454; 10.3336; 52.1949; 2.4129; 46.3796; 1.46739; 42.8294; 0.665684; 39.7323; 0.556063
68.9753; 10.7561; 53.5226; 2.57264; 47.504; 1.54924; 43.8317; 0.675707; 40.6294; 0.565034
69.7939; 11.1897; 54.7971; 2.73591; 48.5828; 1.63208; 44.7932; 1.17806; 41.4899; 0.573639
70.6012; 11.6344; 56.0207; 2.90241; 49.6183; 1.71574; 45.7159; 1.23172; 42.3155; 0.581895
71.3975; 12.0904; 57.1957; 3.07182; 50.6123; 1.80009; 46.6014; 1.28553; 43.1077; 0.589817
72.1828; 12.5576; 58.3242; 3.24383; 51.5668; 1.88499; 47.4516; 1.33939; 43.8681; 0.597421
72.9573; 13.0361; 59.4083; 3.41814; 52.4835; 1.97029; 48.2681; 1.39324; 44.5983; 0.604723
73.7212; 13.5259; 60.45; 3.59444; 53.3642; 2.05588; 49.0523; 1.44701; 45.2996; 0.611736
74.4746; 14.027; 61.4511; 3.77246; 54.2105; 2.14163; 49.8059; 1.50063; 45.9733; 0.618473
75.2177; 14.5393; 62.4137; 3.95191; 55.0241; 2.22742; 50.5302; 1.55403; 46.6208; 1.1267
75.9505; 15.0629; 63.3393; 4.13253; 55.8064; 2.31316; 51.2266; 1.60717; 47.2433; 1.16108
76.6733; 15.5979; 64.2297; 4.31405; 56.5588; 2.39874; 51.8963; 1.65999; 47.8419; 1.19513
77.3861; 16.144; 65.0864; 4.49623; 57.2827; 2.48406; 52.5407; 1.71244; 48.4178; 1.22883
77.3366; 16.1055; 63.7235; 4.20991; 56.1446; 2.35125; 51.5347; 1.63126; 47.524; 1.17692
76.6269; 15.563; 61.7289; 3.82339; 54.4677; 2.16838; 50.0463; 1.51814; 46.1968; 0.620708
75.767; 14.9301; 59.8305; 3.48853; 52.8691; 2.00732; 48.626; 1.41753; 44.9292; 0.608032
74.8843; 14.3072; 58.0346; 3.1988; 51.3548; 1.8658; 47.2796; 1.32832; 43.7268; 0.596008
74.01; 13.7158; 56.3344; 2.9467; 49.9194; 1.74087; 46.0024; 1.24888; 42.5854; 0.584594
73.1514; 13.1589; 54.7234; 2.72619; 48.5578; 1.6301; 44.7899; 1.17787; 41.5012; 0.573752
72.3098; 12.6349; 53.1959; 2.53237; 47.2652; 1.53149; 43.6382; 0.673772; 40.4708; 0.563448
71.485; 12.1416; 51.7465; 2.36122; 46.0374; 1.44334; 42.5436; 0.662825; 39.4908; 0.553648
70.6768; 11.677; 50.3702; 2.20942; 44.8705; 1.36427; 41.5024; 0.652414; 38.5583; 0.544323
69.8847; 11.2388; 49.0625; 2.07423; 43.7605; 1.29308; 40.5117; 0.642507; 37.6704; 0.535444
69.1082; 10.8253; 47.819; 1.95337; 42.7042; 1.22879; 39.5682; 0.633072; 36.8246; 0.526986
68.347; 10.4347; 46.6358; 1.84491; 41.6982; 0.739072; 38.6693; 0.624082; 36.0182; 0.518923
67.6007; 10.0654; 45.5093; 1.74724; 40.7396; 0.729487; 37.8122; 0.615512; 35.2492; 0.511232
66.8689; 9.71594; 44.436; 1.65901; 39.8256; 0.720346; 36.9947; 0.607337; 34.5152; 0.503892
66.1512; 9.38506; 43.4127; 1.57903; 38.9536; 0.711626; 36.2143; 0.599533; 33.8144; 0.496884
65.4474; 9.07149; 42.4365; 1.50633; 38.1211; 0.703301; 35.469; 0.59208; 33.1448; 0.490188
64.757; 8.7741; 41.5045; 1.44006; 37.3258; 0.695348; 34.7567; 0.584957; 32.5047; 0.483787
64.0797; 8.49184; 40.6144; 1.37948; 36.5657; 0.687747; 34.0757; 0.578147; 31.8924; 0.477665
63.4153; 8.22375; 39.7635; 1.32396; 35.8388; 0.680477; 33.4242; 0.571632; 31.3065; 0.471805
62.7634; 7.96893; 38.9497; 0.839847; 35.1431; 0.673521; 32.8004; 0.565394; 30.7454; 0.466194
62.1237; 7.72656; 38.171; 0.83206; 34.477; 0.66686; 32.203; 0.55942; 30.2078; 0.460818
