Toil_free60; Alfa_free60; Toil_free50; Alfa_free50; Toil_free40; Alfa_free40; Toil_free30; Alfa_free30; Toil_free20; Alfa_free20
0.697821; 0.457328; 0.697821; 0.457328; 0.697821; 0.457328; 0.697821; 0.457328; 0.697821; 0.457328
1.90104; 0.46936; 1.90104; 0.46936; 1.90104; 0.46936; 1.90104; 0.46936; 1.90104; 0.46936
3.17553; 0.482105; 3.17553; 0.482105; 3.17553; 0.482105; 3.17553; 0.482105; 3.17553; 0.482105
4.44524; 0.494802; 4.44524; 0.494802; 4.44524; 0.494802; 4.44524; 0.494802; 4.44524; 0.494802
5.69713; 0.507321; 5.69713; 0.507321; 5.69713; 0.507321; 5.69713; 0.507321; 5.69713; 0.507321
6.9292; 0.519642; 6.9292; 0.519642; 6.9292; 0.519642; 6.9292; 0.519642; 6.9292; 0.519642
8.14132; 0.531763; 8.14132; 0.531763; 8.14132; 0.531763; 8.14132; 0.531763; 8.14132; 0.531763
9.3337; 0.543687; 9.3337; 0.543687; 9.3337; 0.543687; 9.3337; 0.543687; 9.3337; 0.543687
10.5066; 0.555416; 10.5066; 0.555416; 10.5066; 0.555416; 10.5066; 0.555416; 10.5066; 0.555416
11.6603; 0.566953; 11.6603; 0.566953; 11.6603; 0.566953; 11.6603; 0.566953; 11.6603; 0.566953
12.795; 0.5783; 12.795; 0.5783; 12.795; 0.5783; 12.795; 0.5783; 12.795; 0.5783
13.9111; 0.589461; 13.9111; 0.589461; 13.9111; 0.589461; 13.9111; 0.589461; 13.9111; 0.589461
15.0089; 0.600438; 15.0089; 0.600438; 15.0089; 0.600438; 15.0089; 0.600438; 15.0089; 0.600438
16.0885; 0.611235; 16.0885; 0.611235; 16.0885; 0.611235; 16.0885; 0.611235; 16.0885; 0.611235
17.1504; 0.621854; 17.1504; 0.621854; 17.1504; 0.621854; 17.1504; 0.621854; 17.1504; 0.621854
18.1947; 0.632297; 18.1947; 0.632297; 18.1947; 0.632297; 18.1947; 0.632297; 18.1947; 0.632297
19.2218; 0.642568; 19.2218; 0.642568; 19.2218; 0.642568; 19.2218; 0.642568; 19.2218; 0.642568
20.232; 0.65267; 20.232; 0.65267; 20.232; 0.65267; 20.232; 0.65267; 20.232; 0.65267
21.2254; 0.662604; 21.2254; 0.662604; 21.2254; 0.662604; 21.2254; 0.662604; 21.2254; 0.662604
22.2025; 0.672375; 22.2025; 0.672375; 22.2025; 0.672375; 22.2025; 0.672375; 22.2025; 0.672375
23.1635; 0.681985; 23.1635; 0.681985; 23.1635; 0.681985; 23.1635; 0.681985; 23.1635; 0.681985
24.1087; 0.691437; 24.1087; 0.691437; 24.1087; 0.691437; 24.1087; 0.691437; 24.1087; 0.691437
25.0383; 0.700733; 25.0383; 0.700733; 25.0383; 0.700733; 25.0383; 0.700733; 25.0383; 0.700733
25.9526; 0.709875; 25.9526; 0.709875; 25.9526; 0.709875; 25.9526; 0.709875; 25.9526; 0.709875
26.8518; 0.718868; 26.8518; 0.718868; 26.8518; 0.718868; 26.8518; 0.718868; 26.8518; 0.718868
27.7363; 0.727713; 27.7363; 0.727713; 27.7363; 0.727713; 27.7363; 0.727713; 27.7363; 0.727713
28.6063; 0.736413; 28.6063; 0.736413; 28.6063; 0.736413; 28.6063; 0.736413; 28.6063; 0.736413
29.4621; 0.744971; 29.4621; 0.744971; 29.4621; 0.744971; 29.4621; 0.744971; 29.4621; 0.744971
30.3039; 0.753389; 30.3039; 0.753389; 30.3039; 0.753389; 30.3039; 0.753389; 30.3039; 0.753389
31.1319; 0.761669; 31.1319; 0.761669; 31.1319; 0.761669; 31.1319; 0.761669; 31.1319; 0.761669
31.9465; 0.769815; 31.9465; 0.769815; 31.9465; 0.769815; 31.9465; 0.769815; 31.9465; 0.769815
32.7478; 0.777828; 32.7478; 0.777828; 32.7478; 0.777828; 32.7478; 0.777828; 32.7478; 0.777828
33.5361; 0.785711; 33.5361; 0.785711; 33.5361; 0.785711; 33.5361; 0.785711; 33.5361; 0.785711
34.3116; 0.793466; 34.3116; 0.793466; 34.3116; 0.793466; 34.3116; 0.793466; 34.3116; 0.793466
35.0747; 0.801096; 35.0747; 0.801096; 35.0747; 0.801096; 35.0747; 0.801096; 35.0747; 0.801096
35.8254; 0.808604; 35.8254; 0.808604; 35.8254; 0.808604; 35.8254; 0.808604; 35.8254; 0.808604
36.564; 0.81599; 36.564; 0.81599; 36.564; 0.81599; 36.564; 0.81599; 36.564; 0.81599
37.2908; 0.823258; 37.2908; 0.823258; 37.2908; 0.823258; 37.2908; 0.823258; 37.2908; 0.823258
38.006; 0.83041; 38.006; 0.83041; 38.006; 0.83041; 38.006; 0.83041; 38.006; 0.83041
38.7098; 0.837448; 38.7098; 0.837448; 38.7098; 0.837448; 38.7098; 0.837448; 38.7098; 0.837448
39.4023; 1.30107; 39.4023; 1.30107; 39.4023; 1.30107; 39.4023; 1.30107; 39.4023; 1.30107
39.3435; 1.29738; 39.412; 1.30168; 39.4708; 1.30538; 39.5059; 1.30759; 39.5149; 1.30817
38.7755; 0.838105; 38.9715; 0.840065; 39.1727; 1.28673; 39.3374; 1.297; 39.4708; 1.30538
38.1465; 0.831815; 38.4491; 0.834841; 38.7755; 0.838105; 39.0664; 0.841014; 39.3435; 1.29738
37.5247; 0.825597; 37.921; 0.82956; 38.3566; 0.833916; 38.759; 0.837939; 39.1727; 1.28673
36.9196; 0.819546; 37.4023; 0.824373; 37.9376; 0.829726; 38.4407; 0.834757; 38.9795; 0.840145
36.3317; 0.813667; 36.8957; 0.819307; 37.5247; 0.825597; 38.1214; 0.831564; 38.7755; 0.838105
35.7607; 0.807957; 36.4014; 0.814364; 37.1194; 0.821544; 37.8047; 0.828397; 38.5668; 0.836018
35.2059; 0.802409; 35.9189; 0.809539; 36.7217; 0.817567; 37.492; 0.82527; 38.3566; 0.833916
34.6669; 0.797019; 35.4481; 0.804831; 36.3317; 0.813667; 37.1837; 0.822187; 38.1465; 0.831815
34.1431; 0.791781; 34.9885; 0.800235; 35.9492; 0.809842; 36.8798; 0.819148; 37.9376; 0.829726
33.634; 0.78669; 34.5398; 0.795748; 35.574; 0.80609; 36.5804; 0.816154; 37.7303; 0.827653
33.1392; 0.781742; 34.1018; 0.791368; 35.2059; 0.802409; 36.2854; 0.813204; 37.5247; 0.825597
32.6582; 0.776931; 33.6742; 0.787092; 34.8449; 0.798799; 35.9947; 0.810297; 37.3211; 0.823561
32.1905; 0.772255; 33.2567; 0.782916; 34.4906; 0.795257; 35.7082; 0.807432; 37.1194; 0.821544
31.7358; 0.767708; 32.8489; 0.778839; 34.1431; 0.791781; 35.4259; 0.804609; 36.9196; 0.819546
31.2937; 0.763287; 32.4508; 0.774858; 33.8021; 0.788371; 35.1477; 0.801827; 36.7217; 0.817567
30.8637; 0.758987; 32.0619; 0.770969; 33.4675; 0.785025; 34.8735; 0.799085; 36.5258; 0.815608
30.4455; 0.754805; 31.6821; 0.767171; 33.1392; 0.781742; 34.6033; 0.796383; 36.3317; 0.813667
30.0387; 0.750737; 31.3111; 0.763461; 32.817; 0.77852; 34.3369; 0.793719; 36.1395; 0.811745
29.643; 0.74678; 30.9487; 0.759837; 32.5008; 0.775358; 34.0744; 0.791094; 35.9492; 0.809842
29.258; 0.742931; 30.5947; 0.756297; 32.1905; 0.772255; 33.8156; 0.788506; 35.7607; 0.807957
28.8835; 0.739185; 30.2488; 0.752838; 31.886; 0.76921; 33.5606; 0.785955; 35.574; 0.80609
28.519; 0.73554; 29.9109; 0.749459; 31.5871; 0.766221; 33.3091; 0.783441; 35.3891; 0.804241
28.1643; 0.731993; 29.5807; 0.746157; 31.2937; 0.763287; 33.0613; 0.780963; 35.2059; 0.802409
27.8191; 0.728541; 29.258; 0.742931; 31.0057; 0.760407; 32.817; 0.77852; 35.0245; 0.800595
27.483; 0.72518; 28.9427; 0.739777; 30.723; 0.75758; 32.5762; 0.776111; 34.8449; 0.798799
27.1559; 0.721909; 28.6345; 0.736695; 30.4455; 0.754805; 32.3387; 0.773737; 34.6669; 0.797019
26.8375; 0.718725; 28.3333; 0.733683; 30.1731; 0.752081; 32.1047; 0.771397; 34.4906; 0.795257
26.5274; 0.715624; 28.0389; 0.730739; 29.9056; 0.749406; 31.8739; 0.769089; 34.316; 0.79351
26.2255; 0.712605; 27.7511; 0.727861; 29.643; 0.74678; 31.6464; 0.766814; 34.1431; 0.791781
25.9314; 0.709664; 27.4698; 0.725048; 29.3852; 0.744202; 31.4221; 0.764571; 33.9718; 0.790068
25.6451; 0.706801; 27.1947; 0.722297; 29.132; 0.74167; 31.2009; 0.762359; 33.8021; 0.788371
25.3661; 0.704011; 26.9258; 0.719607; 28.8835; 0.739185; 30.9829; 0.760179; 33.634; 0.78669
25.0944; 0.701294; 26.6628; 0.716978; 28.6394; 0.736744; 30.7679; 0.758029; 33.4675; 0.785025
24.8297; 0.698647; 26.4057; 0.714406; 28.3997; 0.734347; 30.5559; 0.755909; 33.3026; 0.783376
24.5718; 0.696068; 26.1542; 0.711892; 28.1643; 0.731993; 30.3468; 0.753818; 33.1392; 0.781742
24.3205; 0.693555; 25.9082; 0.709432; 27.9331; 0.729681; 30.1407; 0.751757; 32.9773; 0.780123
24.0756; 0.691106; 25.6677; 0.707027; 27.706; 0.72741; 29.9374; 0.749724; 32.817; 0.77852
23.837; 0.688719; 25.4324; 0.704674; 27.483; 0.72518; 29.737; 0.74772; 32.6582; 0.776931
23.6043; 0.686393; 25.2023; 0.702373; 27.264; 0.72299; 29.5393; 0.745743; 32.5008; 0.775358
23.3775; 0.684125; 24.9771; 0.700121; 27.0488; 0.720838; 29.3444; 0.743794; 32.3449; 0.773799
23.8341; 0.688691; 25.3982; 0.704333; 27.4227; 0.724577; 29.6644; 0.746994; 32.5926; 0.776276
24.7707; 0.698057; 26.303; 0.71338; 28.2849; 0.733199; 30.4781; 0.755131; 33.3409; 0.783759
25.7712; 0.708062; 27.2725; 0.723075; 29.213; 0.74248; 31.3589; 0.763939; 34.1582; 0.791932
26.7671; 0.718021; 28.2379; 0.732729; 30.1378; 0.751728; 32.2374; 0.772724; 34.9745; 0.800095
27.7472; 0.727822; 29.1882; 0.742232; 31.0483; 0.760833; 33.1026; 0.781376; 35.7789; 0.808139
28.71; 0.73745; 30.1218; 0.751568; 31.943; 0.76978; 33.953; 0.78988; 36.5697; 0.816047
29.6557; 0.746907; 31.0388; 0.760738; 32.8219; 0.778568; 34.7885; 0.798234; 37.347; 0.82382
30.5845; 0.756195; 31.9395; 0.769745; 33.6852; 0.787202; 35.6093; 0.806443; 38.111; 0.83146
31.4966; 0.765316; 32.8242; 0.778592; 34.5333; 0.795683; 36.4159; 0.814509; 38.8619; 0.838969
32.3925; 0.774275; 33.6931; 0.787281; 35.3664; 0.804014; 37.2084; 0.822434; 39.6001; 1.31355
33.2723; 0.783073; 34.5466; 0.795816; 36.1849; 0.812199; 37.9871; 0.830221; 40.3256; 1.36038
34.1365; 0.791715; 35.3849; 0.804199; 36.9889; 0.820239; 38.7523; 0.837873; 41.0388; 1.40804
34.9853; 0.800203; 36.2084; 0.812434; 37.7789; 0.828139; 39.5042; 1.30749; 41.74; 1.45653
35.819; 0.80854; 37.0174; 0.820524; 38.555; 0.8359; 40.2431; 1.35498; 42.4293; 1.50582
36.6379; 0.816728; 37.812; 0.82847; 39.3175; 1.29576; 40.9693; 1.40333; 43.107; 1.5559
37.4422; 0.824772; 38.5927; 0.836276; 40.0667; 1.34349; 41.683; 1.45252; 43.7733; 1.60677
38.2324; 0.832674; 39.3596; 1.29839; 40.8029; 1.3921; 42.3844; 1.50256; 44.4285; 1.65841
39.0085; 0.840435; 40.113; 1.34649; 41.5263; 1.44158; 43.0739; 1.55341; 45.0727; 1.7108
39.771; 1.32444; 40.8532; 1.39548; 42.2372; 1.49191; 43.7515; 1.60508; 45.7062; 1.76393
40.5201; 1.37321; 41.5805; 1.44536; 42.9357; 1.54309; 44.4176; 1.65754; 46.3292; 1.8178
41.256; 1.42288; 42.2952; 1.49609; 43.6222; 1.59509; 45.0724; 1.71078; 46.9419; 1.87237
41.979; 1.47343; 42.9974; 1.54768; 44.2969; 1.6479; 45.7162; 1.76478; 47.5445; 1.92764
42.6894; 1.52484; 43.6874; 1.60011; 44.96; 1.70152; 46.349; 1.81954; 48.1371; 1.9836
43.3874; 1.5771; 44.3654; 1.65336; 45.6118; 1.75591; 46.9712; 1.87503; 48.7201; 2.04023
44.0732; 1.6302; 45.0318; 1.70742; 46.2525; 1.81108; 47.583; 1.93123; 49.2936; 2.0975
44.7472; 1.68412; 45.6867; 1.76227; 46.8823; 1.86699; 48.1845; 1.98814; 49.8577; 2.15542
45.4095; 1.73884; 46.3303; 1.81789; 47.5014; 1.92364; 48.776; 2.04574; 50.4127; 2.21396
46.0604; 1.79435; 46.9629; 1.87427; 48.11; 1.98101; 49.3577; 2.10401; 50.9587; 2.2731
46.7; 1.85064; 47.5848; 1.9314; 48.7084; 2.03907; 49.9298; 2.16293; 51.496; 2.33283
47.3287; 1.90767; 48.196; 1.98925; 49.2968; 2.09783; 50.4924; 2.2225; 52.0247; 2.39314
47.9467; 1.96545; 48.7969; 2.04781; 49.8753; 2.15725; 51.0458; 2.28268; 52.5449; 2.45401
48.5541; 2.02394; 49.3877; 2.10705; 50.4441; 2.21732; 51.5902; 2.34346; 53.0569; 2.51543
49.1512; 2.08314; 49.9685; 2.16698; 51.0035; 2.27802; 52.1256; 2.40484; 53.5607; 2.57737
49.7382; 2.14302; 50.5395; 2.22755; 51.5537; 2.33934; 52.6524; 2.46678; 54.0566; 2.63983
50.3153; 2.20357; 51.101; 2.28877; 52.0948; 2.40126; 53.1706; 2.52929; 54.5448; 2.70278
50.8827; 2.26477; 51.6532; 2.3506; 52.627; 2.46376; 53.6805; 2.59232; 55.0253; 2.76621
51.4406; 2.3266; 52.1962; 2.41304; 53.1505; 2.52682; 54.1822; 2.65588; 55.4983; 2.83012
51.9892; 2.38905; 52.7302; 2.47606; 53.6654; 2.59044; 54.6759; 2.71995; 55.964; 2.89447
52.5287; 2.45209; 53.2554; 2.53965; 54.172; 2.65458; 55.1618; 2.7845; 56.4225; 2.95926
53.0592; 2.51571; 53.772; 2.60379; 54.6705; 2.71923; 55.6399; 2.84953; 56.8739; 3.02447
53.5809; 2.57989; 54.2801; 2.66847; 55.1608; 2.78438; 56.1105; 2.91501; 57.3185; 3.09009
53.3069; 2.54598; 54.0988; 2.64521; 55.0679; 2.77192; 56.0835; 2.91123; 57.3392; 3.09318
52.505; 2.4493; 53.4479; 2.56337; 54.5893; 2.70859; 55.7679; 2.8672; 57.1917; 3.07122
51.6475; 2.34996; 52.7179; 2.4746; 54.0115; 2.63409; 55.347; 2.80952; 56.9566; 3.03657
50.8036; 2.25614; 51.9871; 2.38881; 53.4151; 2.55932; 54.8909; 2.74832; 56.6769; 2.99583
49.9824; 2.16844; 51.2706; 2.30758; 52.8222; 2.48709; 54.426; 2.68732; 56.3751; 2.9525
49.1843; 2.08647; 50.5707; 2.23091; 52.2386; 2.41799; 53.9622; 2.62782; 56.0633; 2.90839
48.4086; 2.00977; 49.8874; 2.15851; 51.6657; 2.35203; 53.5032; 2.57023; 55.7478; 2.86441
47.6545; 1.93791; 49.2203; 2.0901; 51.1037; 2.28906; 53.0503; 2.51463; 55.4318; 2.82105
46.9213; 1.87051; 48.569; 2.02539; 50.5523; 2.22892; 52.6037; 2.461; 55.1172; 2.77851
46.2083; 1.80722; 47.9329; 1.96414; 50.0113; 2.17146; 52.1637; 2.40926; 54.8046; 2.7369
45.5148; 1.74771; 47.3117; 1.9061; 49.4805; 2.11652; 51.73; 2.35933; 54.4947; 2.69626
44.8403; 1.69171; 46.7048; 1.85106; 48.9597; 2.06396; 51.3025; 2.31114; 54.1876; 2.65657
44.184; 1.63894; 46.112; 1.79884; 48.4486; 2.01365; 50.8813; 2.26461; 53.8833; 2.61783
43.5454; 1.58918; 45.5329; 1.74923; 47.9469; 1.96547; 50.4661; 2.21967; 53.5819; 2.58001
42.9239; 1.54221; 44.9669; 1.70208; 47.4546; 1.9193; 50.0569; 2.17624; 53.2835; 2.5431
42.319; 1.49782; 44.4139; 1.65724; 46.9713; 1.87504; 49.6535; 2.13427; 52.9879; 2.50706
41.7302; 1.45584; 43.8735; 1.61455; 46.4969; 1.83258; 49.2559; 2.09369; 52.6951; 2.47188
41.1569; 1.41609; 43.3452; 1.57389; 46.0312; 1.79183; 48.8639; 2.05444; 52.4052; 2.43751
40.5986; 1.37843; 42.8288; 1.53514; 45.574; 1.75271; 48.4775; 2.01646; 52.118; 2.40395
40.0549; 1.34272; 42.324; 1.49818; 45.1251; 1.71514; 48.0965; 1.97971; 51.8336; 2.37116
39.5254; 1.30882; 41.8304; 1.46289; 44.6844; 1.67902; 47.7209; 1.94413; 51.5518; 2.33913
39.0095; 0.840445; 41.3477; 1.4292; 44.2516; 1.6443; 47.3506; 1.90968; 51.2728; 2.30783
38.5069; 0.835419; 40.8758; 1.397; 43.8265; 1.6109; 46.9854; 1.87631; 50.9964; 2.27724
38.0171; 0.830521; 40.4141; 1.36621; 43.4091; 1.57876; 46.6254; 1.84398; 50.7226; 2.24733
37.5398; 0.825748; 39.9626; 1.33675; 42.9991; 1.54782; 46.2704; 1.81264; 50.4515; 2.2181
37.0746; 0.821096; 39.521; 1.30855; 42.5965; 1.51802; 45.9203; 1.78226; 50.1828; 2.18952
36.621; 0.81656; 39.0889; 1.28153; 42.2009; 1.4893; 45.575; 1.7528; 49.9167; 2.16157
36.1788; 0.812138; 38.6661; 0.837011; 41.8124; 1.46162; 45.2345; 1.72422; 49.6531; 2.13423
35.7476; 0.807826; 38.2525; 0.832875; 41.4307; 1.43493; 44.8988; 1.69649; 49.392; 2.1075
35.3271; 0.803621; 37.8476; 0.828827; 41.0556; 1.40918; 44.5676; 1.66958; 49.1333; 2.08134
34.917; 0.79952; 37.4514; 0.824864; 40.6871; 1.38434; 44.2409; 1.64346; 48.8771; 2.05574
34.5169; 0.795519; 37.0637; 0.820987; 40.3251; 1.36035; 43.9188; 1.61809; 48.6232; 2.0307
34.1265; 0.791615; 36.684; 0.81719; 39.9693; 1.33718; 43.601; 1.59345; 48.3717; 2.00619
33.7456; 0.787806; 36.3124; 0.813474; 39.6197; 1.3148; 43.2875; 1.56952; 48.1225; 1.9822
33.3739; 0.784089; 35.9486; 0.809835; 39.276; 1.29316; 42.9783; 1.54626; 47.8756; 1.95871
33.0111; 0.78046; 35.5923; 0.806273; 38.9383; 0.839733; 42.6732; 1.52365; 47.631; 1.93572
32.6569; 0.776919; 35.2434; 0.802784; 38.6064; 0.836414; 42.3723; 1.50168; 47.3887; 1.9132
32.3111; 0.773461; 34.9017; 0.799367; 38.2801; 0.833151; 42.0754; 1.4803; 47.1486; 1.89115
31.9735; 0.770085; 34.567; 0.79602; 37.9593; 0.829943; 41.7825; 1.45952; 46.9107; 1.86956
31.6438; 0.766788; 34.2392; 0.792742; 37.644; 0.82679; 41.4935; 1.43929; 46.675; 1.8484
31.3217; 0.763567; 33.918; 0.78953; 37.334; 0.82369; 41.2083; 1.41961; 46.4415; 1.82768
31.7103; 0.767453; 34.2557; 0.792907; 37.6014; 0.826363; 41.3919; 1.43225; 46.506; 1.83338
32.5931; 0.776281; 35.0933; 0.801283; 38.3761; 0.834111; 42.0916; 1.48146; 47.0987; 1.8866
33.5405; 0.785755; 35.9965; 0.810315; 39.2181; 1.28955; 42.8604; 1.53749; 47.7634; 1.94813
34.4828; 0.795178; 36.8955; 0.819305; 40.057; 1.34285; 43.6277; 1.59551; 48.4287; 2.01172
35.4092; 0.804441; 37.7793; 0.828143; 40.8819; 1.39742; 44.3824; 1.65472; 49.0838; 2.07636
36.3181; 0.813531; 38.6464; 0.836815; 41.6914; 1.45311; 45.1231; 1.71497; 49.727; 2.14186
37.2097; 0.822447; 39.497; 1.30704; 42.4854; 1.5099; 45.8499; 1.77621; 50.3585; 2.20817
38.0842; 0.831192; 40.3314; 1.36076; 43.2643; 1.56776; 46.5629; 1.83842; 50.9784; 2.27525
38.942; 0.83977; 41.1497; 1.4156; 44.0283; 1.62667; 47.2625; 1.90158; 51.5869; 2.34309
39.7835; 1.32524; 41.9525; 1.47155; 44.7778; 1.68661; 47.9489; 1.96565; 52.1843; 2.41166
40.6089; 1.37912; 42.7399; 1.52857; 45.5131; 1.74756; 48.6224; 2.03062; 52.7708; 2.48092
41.4186; 1.4341; 43.5124; 1.58665; 46.2344; 1.8095; 49.2833; 2.09646; 53.3467; 2.55087
42.2128; 1.49016; 44.2701; 1.64577; 46.9421; 1.87239; 49.9319; 2.16315; 53.9121; 2.62147
42.992; 1.54729; 45.0135; 1.70592; 47.6364; 1.93622; 50.5683; 2.23065; 54.4673; 2.6927
43.7564; 1.60546; 45.7428; 1.76705; 48.3177; 2.00097; 51.193; 2.29895; 55.0126; 2.76452
44.5063; 1.66465; 46.4583; 1.82916; 48.9861; 2.0666; 51.806; 2.36802; 55.5481; 2.83693
45.2421; 1.72485; 47.1603; 1.89222; 49.642; 2.13309; 52.4078; 2.43782; 56.074; 2.90989
45.9639; 1.78602; 47.8491; 1.9562; 50.2857; 2.20042; 52.9984; 2.50834; 56.5906; 2.98338
46.6722; 1.84815; 48.5249; 2.02109; 50.9173; 2.26856; 53.5782; 2.57955; 57.098; 3.05737
47.3672; 1.91121; 49.188; 2.08684; 51.5372; 2.33748; 54.1474; 2.65142; 57.5965; 3.13184
48.0491; 1.97518; 49.8388; 2.15345; 52.1456; 2.40715; 54.7062; 2.72392; 58.0862; 3.20677
48.7182; 2.04004; 50.4774; 2.22088; 52.7427; 2.47756; 55.2548; 2.79704; 58.5673; 3.28213
49.3749; 2.10576; 51.1042; 2.28911; 53.3288; 2.54868; 55.7935; 2.87074; 59.04; 3.3579
50.0194; 2.17231; 51.7193; 2.35812; 53.9042; 2.62046; 56.3224; 2.94499; 59.5045; 3.43406
50.6518; 2.23966; 52.323; 2.42786; 54.469; 2.6929; 56.8418; 3.01978; 59.961; 3.51058
51.2726; 2.30781; 52.9156; 2.49833; 55.0234; 2.76597; 57.3519; 3.09507; 60.4096; 3.58745
51.8819; 2.3767; 53.4973; 2.56949; 55.5678; 2.83963; 57.8528; 3.17084; 60.8505; 3.66463
52.48; 2.44633; 54.0683; 2.64131; 56.1023; 2.91386; 58.3449; 3.24707; 61.2839; 3.74212
53.0671; 2.51667; 54.6289; 2.71378; 56.6271; 2.98864; 58.8282; 3.32373; 61.7099; 3.81988
53.6434; 2.58768; 55.1793; 2.78686; 57.1425; 3.06394; 59.303; 3.4008; 62.1286; 3.8979
54.2093; 2.65935; 55.7197; 2.86053; 57.6486; 3.13973; 59.7694; 3.47825; 62.5404; 3.97616
54.7648; 2.73165; 56.2503; 2.93475; 58.1457; 3.21599; 60.2276; 3.55607; 62.9452; 4.05463
55.3103; 2.80455; 56.7713; 3.00952; 58.6339; 3.2927; 60.6779; 3.63421; 63.3432; 4.13331
55.8459; 2.87802; 57.283; 3.08479; 59.1134; 3.36982; 61.1203; 3.71268; 63.7346; 4.21217
56.3719; 2.95204; 57.7855; 3.16055; 59.5845; 3.44734; 61.555; 3.79143; 64.1196; 4.29118
56.8885; 3.02659; 58.2791; 3.23677; 60.0473; 3.52523; 61.9823; 3.87046; 64.4982; 4.37035
57.3958; 3.10164; 58.7639; 3.31343; 60.5019; 3.60347; 62.4022; 3.94973; 64.8706; 4.44964
57.8941; 3.17717; 59.2401; 3.39049; 60.9486; 3.68204; 62.815; 4.02923; 65.2369; 4.52903
58.3836; 3.25314; 59.7079; 3.46795; 61.3876; 3.7609; 63.2207; 4.10894; 65.5973; 4.60852
58.8644; 3.32954; 60.1675; 3.54576; 61.8189; 3.84004; 63.6196; 4.18884; 65.9518; 4.68809
59.3367; 3.40635; 60.6191; 3.62392; 62.2428; 3.91945; 64.0118; 4.2689; 66.3007; 4.76772
58.9945; 3.35052; 60.3742; 3.58132; 62.093; 3.8912; 63.9362; 4.25335; 66.2846; 4.76402
58.1162; 3.21141; 59.651; 3.45842; 61.5486; 3.79025; 63.5637; 4.17755; 66.0943; 4.72045
57.1838; 3.07005; 58.8493; 3.32713; 60.9048; 3.67424; 63.0846; 4.08202; 65.8143; 4.65706
56.2669; 2.93711; 58.0485; 3.20094; 60.2433; 3.55876; 62.5705; 3.98195; 65.4889; 4.58448
55.3745; 2.81325; 57.2635; 3.08189; 59.5865; 3.44768; 62.0485; 3.88284; 65.1416; 4.50824
54.5069; 2.69784; 56.4965; 2.96985; 58.9402; 3.34175; 61.5284; 3.78656; 64.7846; 4.4312
53.6633; 2.59017; 55.7475; 2.86437; 58.3056; 3.24093; 61.0139; 3.69365; 64.4243; 4.35478
52.843; 2.48958; 55.0161; 2.76498; 57.683; 3.14495; 60.5062; 3.60421; 64.064; 4.27967
52.045; 2.39549; 54.3016; 2.67124; 57.072; 3.05353; 60.0056; 3.51815; 63.7053; 4.20621
51.2687; 2.30737; 53.6037; 2.58273; 56.4724; 2.9664; 59.5122; 3.43533; 63.3493; 4.13452
50.5133; 2.22474; 52.9218; 2.49908; 55.884; 2.88331; 59.0259; 3.35561; 62.9963; 4.06465
49.7782; 2.14716; 52.2556; 2.41997; 55.3064; 2.80402; 58.5465; 3.27884; 62.6464; 3.99657
49.0627; 2.07425; 51.6044; 2.34508; 54.7395; 2.72831; 58.074; 3.20489; 62.2998; 3.93025
48.3661; 2.00565; 50.968; 2.27412; 54.183; 2.65598; 57.6083; 3.13362; 61.9566; 3.86565
47.6879; 1.94104; 50.3459; 2.20683; 53.6366; 2.58683; 57.1491; 3.06492; 61.6165; 3.80271
47.0274; 1.88011; 49.7378; 2.14298; 53.1001; 2.52069; 56.6964; 2.99866; 61.2798; 3.74137
46.384; 1.82261; 49.1432; 2.08233; 52.5733; 2.45739; 56.2501; 2.93473; 60.9462; 3.6816
45.7573; 1.76829; 48.5618; 2.02469; 52.0561; 2.39677; 55.81; 2.87304; 60.6158; 3.62334
45.1467; 1.71692; 47.9932; 1.96986; 51.5481; 2.33871; 55.3761; 2.81347; 60.2886; 3.56654
44.5517; 1.6683; 47.437; 1.91767; 51.0492; 2.28304; 54.9483; 2.75595; 59.9644; 3.51116
43.9718; 1.62224; 46.893; 1.86796; 50.5591; 2.22966; 54.5264; 2.70038; 59.6433; 3.45715
43.4066; 1.57857; 46.3608; 1.82058; 50.0777; 2.17844; 54.1103; 2.64667; 59.3253; 3.40447
42.8555; 1.53712; 45.8401; 1.77538; 49.6049; 2.12927; 53.6999; 2.59475; 59.0102; 3.35307
42.3182; 1.49776; 45.3306; 1.73224; 49.1403; 2.08204; 53.2952; 2.54455; 58.6981; 3.30292
41.7941; 1.46034; 44.832; 1.69103; 48.6838; 2.03666; 52.8961; 2.49598; 58.3889; 3.25398
41.283; 1.42474; 44.344; 1.65166; 48.2354; 1.99303; 52.5024; 2.44898; 58.0826; 3.20621
40.7844; 1.39085; 43.8663; 1.614; 47.7946; 1.95107; 52.1141; 2.40349; 57.7791; 3.15957
40.298; 1.35857; 43.3987; 1.57797; 47.3615; 1.9107; 51.731; 2.35945; 57.4785; 3.11404
39.8233; 1.32778; 42.9409; 1.54347; 46.9359; 1.87183; 51.3531; 2.31679; 57.1806; 3.06958
39.36; 1.29841; 42.4926; 1.51042; 46.5175; 1.8344; 50.9803; 2.27547; 56.8855; 3.02616
38.9077; 0.839427; 42.0535; 1.47874; 46.1063; 1.79834; 50.6125; 2.23542; 56.5931; 2.98374
38.4663; 0.835013; 41.6236; 1.44836; 45.7021; 1.76358; 50.2497; 2.1966; 56.3034; 2.9423
38.0352; 0.830702; 41.2025; 1.41921; 45.3047; 1.73007; 49.8917; 2.15896; 56.0164; 2.9018
37.6143; 0.826493; 40.7899; 1.39122; 44.914; 1.69774; 49.5385; 2.12245; 55.732; 2.86223
37.2031; 0.822381; 40.3858; 1.36434; 44.5299; 1.66654; 49.1899; 2.08703; 55.4502; 2.82355
36.8015; 0.818365; 39.9898; 1.3385; 44.1522; 1.63643; 48.846; 2.05266; 55.171; 2.78574
36.4092; 0.814442; 39.6017; 1.31366; 43.7807; 1.60734; 48.5066; 2.0193; 54.8943; 2.74878
36.0258; 0.810608; 39.2214; 1.28976; 43.4155; 1.57925; 48.1716; 1.98691; 54.6201; 2.71263
35.6511; 0.806862; 38.8487; 0.838837; 43.0562; 1.55209; 47.8411; 1.95545; 54.3484; 2.67728
35.285; 0.803199; 38.4834; 0.835184; 42.7029; 1.52584; 47.5148; 1.92489; 54.0792; 2.6427
34.927; 0.79962; 38.1252; 0.831602; 42.3553; 1.50045; 47.1929; 1.8952; 53.8124; 2.60888
35.2918; 0.803268; 38.4331; 0.834681; 42.5836; 1.51707; 47.3244; 1.90727; 53.803; 2.60769
36.157; 0.81192; 39.2481; 1.29142; 43.3279; 1.57258; 47.9826; 1.96885; 54.335; 2.67555
37.0867; 0.821217; 40.1289; 1.34752; 44.1397; 1.63544; 48.7104; 2.03927; 54.9399; 2.75484
38.0111; 0.83046; 41.005; 1.40574; 44.9481; 1.70054; 49.4364; 2.11202; 55.5456; 2.83659
38.9191; 0.839541; 41.8656; 1.46539; 45.7423; 1.76701; 50.1498; 2.18603; 56.1413; 2.91935
39.8094; 1.3269; 42.7094; 1.52632; 46.5208; 1.83469; 50.8491; 2.2611; 56.7254; 3.00286
40.6821; 1.384; 43.5363; 1.58849; 47.2836; 1.90352; 51.5344; 2.33716; 57.298; 3.08703
41.5375; 1.44236; 44.3467; 1.65187; 48.0311; 1.97348; 52.2059; 2.41418; 57.8593; 3.17183
42.376; 1.50194; 45.1409; 1.71644; 48.7637; 2.04452; 52.864; 2.49211; 58.4095; 3.25722
43.1978; 1.56273; 45.9193; 1.78217; 49.4815; 2.11663; 53.5089; 2.57092; 58.9489; 3.34315
44.0033; 1.62471; 46.6822; 1.84904; 50.185; 2.18975; 54.1409; 2.65058; 59.4777; 3.42961
44.793; 1.68785; 47.4299; 1.91701; 50.8745; 2.26387; 54.7603; 2.73105; 59.9961; 3.51654
45.567; 1.75212; 48.1627; 1.98605; 51.5502; 2.33894; 55.3674; 2.81228; 60.5045; 3.60392
46.3258; 1.81749; 48.881; 2.05614; 52.2124; 2.41494; 55.9624; 2.89425; 61.003; 3.69171
47.0696; 1.88395; 49.5851; 2.12724; 52.8616; 2.49182; 56.5457; 2.97692; 61.4918; 3.77988
47.7988; 1.95146; 50.2753; 2.19932; 53.4978; 2.56955; 57.1175; 3.06024; 61.9712; 3.86839
48.5137; 2.01999; 50.9519; 2.27234; 54.1215; 2.6481; 57.678; 3.14419; 62.4414; 3.95721
49.2145; 2.08952; 51.6151; 2.34629; 54.7329; 2.72744; 58.2275; 3.22873; 62.9026; 4.04631
49.9017; 2.16; 52.2653; 2.42111; 55.3322; 2.80751; 58.7663; 3.31382; 63.355; 4.13566
50.5755; 2.23142; 52.9028; 2.49679; 55.9198; 2.8883; 59.2946; 3.39942; 63.7988; 4.22523
51.2361; 2.30374; 53.5278; 2.57328; 56.4959; 2.96977; 59.8126; 3.48551; 64.2342; 4.31499
51.8839; 2.37693; 54.1406; 2.65056; 57.0607; 3.05187; 60.3205; 3.57205; 64.6613; 4.4049
52.5191; 2.45096; 54.7415; 2.72858; 57.6146; 3.13458; 60.8187; 3.659; 65.0805; 4.49495
53.1421; 2.5258; 55.3308; 2.80732; 58.1577; 3.21787; 61.3072; 3.74634; 65.4918; 4.58511
53.753; 2.60141; 55.9086; 2.88674; 58.6903; 3.30169; 61.7864; 3.83402; 65.8954; 4.67534
54.3522; 2.67776; 56.4753; 2.96681; 59.2127; 3.38601; 62.2564; 3.92202; 66.2916; 4.76562
54.9398; 2.75483; 57.0311; 3.0475; 59.725; 3.47081; 62.7175; 4.01031; 66.6804; 4.85593
55.5163; 2.83257; 57.5762; 3.12878; 60.2275; 3.55604; 63.1698; 4.09886; 67.0621; 4.94625
56.0817; 2.91097; 58.1109; 3.2106; 60.7204; 3.64169; 63.6136; 4.18763; 67.4368; 5.03654
56.6364; 2.98998; 58.6354; 3.29294; 61.2039; 3.7277; 64.049; 4.27659; 67.8046; 5.12679
57.1805; 3.06957; 59.15; 3.37577; 61.6783; 3.81406; 64.4763; 4.36573; 68.1658; 5.21698
57.7144; 3.14972; 59.6548; 3.45906; 62.1437; 3.90074; 64.8956; 4.455; 68.5205; 5.30708
58.2382; 3.23039; 60.15; 3.54277; 62.6004; 3.98769; 65.3071; 4.5444; 68.8688; 5.39707
58.7522; 3.31155; 60.636; 3.62687; 63.0485; 4.07491; 65.7109; 4.63387; 69.2108; 5.48695
59.2565; 3.39318; 61.1129; 3.71135; 63.4882; 4.16235; 66.1073; 4.72342; 69.5468; 5.57667
59.7515; 3.47524; 61.5808; 3.79615; 63.9198; 4.24998; 66.4965; 4.813; 69.8768; 5.66624
60.2372; 3.55771; 62.0401; 3.88127; 64.3433; 4.33779; 66.8785; 4.90259; 70.201; 5.75563
60.714; 3.64055; 62.4908; 3.96666; 64.7591; 4.42575; 67.2535; 4.99218; 70.5195; 5.84482
61.1819; 3.72374; 62.9333; 4.05231; 65.1672; 4.51382; 67.6218; 5.08173; 70.8324; 5.9338
61.6413; 3.80725; 63.3676; 4.13818; 65.5679; 4.60198; 67.9834; 5.17124; 71.1399; 6.02256
62.0923; 3.89106; 63.794; 4.22425; 65.9612; 4.69022; 68.3386; 5.26067; 71.4421; 6.11107
61.7195; 3.82165; 63.5197; 4.16868; 65.7843; 4.65033; 68.2392; 5.23548; 71.4076; 6.10088
60.8067; 3.65689; 62.7626; 4.01906; 65.2081; 4.52274; 67.8384; 5.13516; 71.1954; 6.0387
59.8405; 3.49021; 61.9275; 3.86023; 64.5323; 4.37754; 67.3302; 5.01069; 70.8922; 5.95094
58.8906; 3.33377; 61.0939; 3.70796; 63.8393; 4.2335; 66.7872; 4.88103; 70.5432; 5.85153
57.966; 3.18822; 60.2768; 3.56451; 63.1515; 4.09522; 66.2365; 4.75298; 70.1724; 5.74768
57.0669; 3.05278; 59.4783; 3.42972; 62.4747; 3.96357; 65.6883; 4.62881; 69.7919; 5.64308
56.1926; 2.9266; 58.6985; 3.30299; 61.8102; 3.83843; 65.146; 4.50919; 69.4084; 5.53955
55.3422; 2.80886; 57.9368; 3.18373; 61.1581; 3.71946; 64.6108; 4.39417; 69.0251; 5.43797
54.5148; 2.69887; 57.1927; 3.07138; 60.5181; 3.60629; 64.0831; 4.28364; 68.6437; 5.33876
53.7097; 2.59598; 56.4657; 2.96544; 59.89; 3.49856; 63.563; 4.1774; 68.2651; 5.24206
52.9261; 2.4996; 55.7553; 2.86545; 59.2734; 3.39595; 63.0502; 4.07526; 67.8898; 5.14791
52.1634; 2.40923; 55.061; 2.77099; 58.6682; 3.29815; 62.5448; 3.97701; 67.5178; 5.05627
51.4209; 2.32439; 54.3823; 2.68166; 58.074; 3.20488; 62.0465; 3.88248; 67.1492; 4.9671
50.6978; 2.24464; 53.7189; 2.59713; 57.4906; 3.11587; 61.5553; 3.79148; 66.7842; 4.88032
49.9936; 2.16961; 53.0702; 2.51705; 56.9178; 3.03088; 61.071; 3.70385; 66.4226; 4.79586
49.3077; 2.09893; 52.436; 2.44114; 56.3553; 2.94967; 60.5935; 3.61943; 66.0644; 4.71364
48.6394; 2.03229; 51.8157; 2.36912; 55.8028; 2.87204; 60.1226; 3.53808; 65.7097; 4.63359
47.9882; 1.96939; 51.2091; 2.30074; 55.2603; 2.79778; 59.6583; 3.45964; 65.3582; 4.55564
47.3536; 1.90996; 50.6156; 2.23575; 54.7273; 2.72671; 59.2004; 3.384; 65.0101; 4.47971
46.735; 1.85376; 50.0351; 2.17396; 54.2038; 2.65865; 58.7488; 3.31102; 64.6653; 4.40575
46.1319; 1.80056; 49.4671; 2.11515; 53.6895; 2.59345; 58.3035; 3.24059; 64.3237; 4.33369
45.5439; 1.75016; 48.9113; 2.05915; 53.1843; 2.53095; 57.8643; 3.17259; 63.9853; 4.26346
44.9705; 1.70237; 48.3674; 2.00577; 52.6878; 2.471; 57.431; 3.10692; 63.6501; 4.19501
44.4111; 1.65702; 47.835; 1.95487; 52.2; 2.41348; 57.0037; 3.04347; 63.318; 4.12828
43.8655; 1.61394; 47.3138; 1.9063; 51.7206; 2.35826; 56.5822; 2.98216; 62.9889; 4.06321
43.3332; 1.57298; 46.8036; 1.85991; 51.2494; 2.30522; 56.1663; 2.92288; 62.6629; 3.99976
42.8137; 1.53402; 46.3041; 1.81559; 50.7863; 2.25426; 55.7561; 2.86556; 62.34; 3.93787
42.3067; 1.49693; 45.8149; 1.77322; 50.3312; 2.20526; 55.3514; 2.81011; 62.02; 3.8775
41.8118; 1.46158; 45.3359; 1.73267; 49.8837; 2.15813; 54.9521; 2.75645; 61.7029; 3.81859
41.3286; 1.42788; 44.8667; 1.69386; 49.4439; 2.11278; 54.5581; 2.70452; 61.3887; 3.76111
40.8568; 1.39572; 44.407; 1.65669; 49.0114; 2.06912; 54.1693; 2.65423; 61.0775; 3.70501
40.396; 1.36501; 43.9568; 1.62106; 48.5862; 2.02708; 53.7857; 2.60552; 60.769; 3.65024
39.946; 1.33567; 43.5156; 1.5869; 48.1681; 1.98657; 53.4072; 2.55834; 60.4634; 3.59678
39.5063; 1.30762; 43.0833; 1.55412; 47.757; 1.94752; 53.0336; 2.51261; 60.1605; 3.54457
39.0768; 0.841118; 42.6596; 1.52265; 47.3526; 1.90987; 52.665; 2.46828; 59.8604; 3.49358
38.657; 0.83692; 42.2444; 1.49243; 46.9549; 1.87355; 52.3011; 2.4253; 59.563; 3.44377
38.2467; 0.832817; 41.8374; 1.46339; 46.5638; 1.8385; 51.942; 2.38361; 59.2683; 3.39511
37.8457; 0.828807; 41.4384; 1.43547; 46.179; 1.80466; 51.5876; 2.34317; 58.9762; 3.34757
37.4537; 0.824887; 41.0472; 1.40861; 45.8004; 1.77198; 51.2377; 2.30392; 58.6868; 3.30112
37.0703; 0.821053; 40.6636; 1.38276; 45.428; 1.7404; 50.8923; 2.26582; 58.3999; 3.25571
36.6954; 0.817304; 40.2874; 1.35787; 45.0616; 1.70989; 50.5514; 2.22883; 58.1156; 3.21133
37.0493; 0.820843; 40.5812; 1.37727; 45.2708; 1.72724; 50.6571; 2.24023; 58.0686; 3.20405
37.9065; 0.829415; 41.3857; 1.43182; 46.0007; 1.7892; 51.2952; 2.31033; 58.5707; 3.28267
38.8282; 0.838632; 42.2559; 1.49326; 46.7981; 1.85942; 52.003; 2.39064; 59.1459; 3.37511
39.7443; 1.32273; 43.1214; 1.55698; 47.5919; 1.93206; 52.7089; 2.47352; 59.7218; 3.47027
40.644; 1.38145; 43.9711; 1.62218; 48.3711; 2.00614; 53.4019; 2.55768; 60.2876; 3.56637
41.5257; 1.44154; 44.8037; 1.68873; 49.1346; 2.08146; 54.0807; 2.6429; 60.8418; 3.66308
42.3897; 1.50294; 45.6194; 1.75655; 49.8822; 2.15797; 54.7453; 2.72908; 61.3844; 3.76032
43.2362; 1.56564; 46.4183; 1.82564; 50.6144; 2.23562; 55.3961; 2.81619; 61.9157; 3.85803
44.0656; 1.6296; 47.201; 1.89594; 51.3314; 2.31437; 56.0333; 2.90417; 62.436; 3.95617
44.8783; 1.69481; 47.9676; 1.96743; 52.0336; 2.39418; 56.6572; 2.99298; 62.9454; 4.05468
45.6746; 1.76124; 48.7186; 2.04008; 52.7213; 2.475; 57.2681; 3.08258; 63.4443; 4.15353
46.4548; 1.82885; 49.4543; 2.11385; 53.3949; 2.55681; 57.8664; 3.17291; 63.9329; 4.25267
47.2193; 1.89762; 50.1751; 2.1887; 54.0545; 2.63956; 58.4522; 3.26395; 64.4114; 4.35206
47.9684; 1.96751; 50.8812; 2.2646; 54.7007; 2.7232; 59.026; 3.35563; 64.88; 4.45166
48.7026; 2.0385; 51.573; 2.34152; 55.3336; 2.8077; 59.5879; 3.44792; 65.3391; 4.55143
49.4219; 2.11054; 52.2508; 2.41941; 55.9536; 2.89302; 60.1383; 3.54077; 65.7888; 4.65134
50.1269; 2.18362; 52.9148; 2.49824; 56.5609; 2.9791; 60.6774; 3.63414; 66.2294; 4.75134
50.8178; 2.25769; 53.5655; 2.57797; 57.1559; 3.06592; 61.2055; 3.72799; 66.661; 4.85139
51.495; 2.33272; 54.2031; 2.65856; 57.7388; 3.15343; 61.7228; 3.82227; 67.0839; 4.95147
52.1586; 2.40867; 54.8279; 2.73998; 58.3099; 3.24159; 62.2296; 3.91695; 67.4983; 5.05153
52.8091; 2.48552; 55.4402; 2.82218; 58.8694; 3.33035; 62.7262; 4.01199; 67.9044; 5.15155
53.4467; 2.56322; 56.0402; 2.90514; 59.4177; 3.41969; 63.2127; 4.10734; 68.3024; 5.25149
54.0716; 2.64174; 56.6282; 2.9888; 59.9549; 3.50955; 63.6894; 4.20297; 68.6924; 5.35133
54.6843; 2.72105; 57.2046; 3.07314; 60.4814; 3.5999; 64.1565; 4.29883; 69.0748; 5.45102
55.2849; 2.8011; 57.7695; 3.15811; 60.9973; 3.69071; 64.6142; 4.3949; 69.4495; 5.55056
55.8736; 2.88187; 58.3232; 3.24368; 61.503; 3.78192; 65.0629; 4.49114; 69.8169; 5.64989
56.4509; 2.96332; 58.866; 3.32981; 61.9987; 3.87352; 65.5026; 4.58751; 70.1772; 5.74901
57.0169; 3.04541; 59.3982; 3.41647; 62.4845; 3.96545; 65.9337; 4.68398; 70.5304; 5.84789
57.5719; 3.12812; 59.9199; 3.50362; 62.9608; 4.05769; 66.3562; 4.78051; 70.8767; 5.9465
58.1161; 3.2114; 60.4314; 3.59122; 63.4277; 4.1502; 66.7704; 4.87708; 71.2163; 6.04481
58.6497; 3.29522; 60.9329; 3.67924; 63.8854; 4.24294; 67.1765; 4.97365; 71.5494; 6.14282
59.1731; 3.37954; 61.4247; 3.76765; 64.3342; 4.33588; 67.5747; 5.07019; 71.8762; 6.24049
59.6864; 3.46435; 61.907; 3.85641; 64.7743; 4.429; 67.9651; 5.16668; 72.1967; 6.3378
60.1899; 3.54959; 62.3799; 3.94548; 65.2059; 4.52225; 68.348; 5.26308; 72.5111; 6.43475
60.6837; 3.63524; 62.8438; 4.03484; 65.6291; 4.6156; 68.7236; 5.35938; 72.8196; 6.5313
61.1682; 3.72127; 63.2988; 4.12446; 66.0442; 4.70904; 69.0919; 5.45554; 73.1222; 6.62745
61.6434; 3.80765; 63.7451; 4.2143; 66.4513; 4.80252; 69.4532; 5.55154; 73.4193; 6.72317
62.1097; 3.89434; 64.183; 4.30434; 66.8507; 4.89602; 69.8076; 5.64735; 73.7108; 6.81846
62.5672; 3.98132; 64.6125; 4.39454; 67.2425; 4.98952; 70.1553; 5.74296; 73.9968; 6.9133
63.0162; 4.06856; 65.034; 4.48487; 67.6269; 5.08298; 70.4965; 5.83834; 74.2777; 7.00767
63.4567; 4.15602; 65.4475; 4.57531; 68.004; 5.17638; 70.8313; 5.93347; 74.5533; 7.10156
63.069; 4.07894; 65.1582; 4.51185; 67.8126; 5.12876; 70.7186; 5.90129; 74.5081; 7.08608
62.1393; 3.8999; 64.3837; 4.34626; 67.2192; 4.98392; 70.3021; 5.78378; 74.2833; 7.00956
61.1565; 3.71917; 63.5314; 4.17104; 66.5261; 4.81989; 69.7775; 5.63914; 73.9665; 6.90318
60.1904; 3.54968; 62.681; 4.00324; 65.8161; 4.65747; 69.2183; 5.48892; 73.6039; 6.78336
59.25; 3.39211; 61.8473; 3.84531; 65.1116; 4.50172; 68.6516; 5.34078; 73.2193; 6.65856
58.3355; 3.2456; 61.0327; 3.69701; 64.4184; 4.35355; 68.0875; 5.19729; 72.8252; 6.53308
57.446; 3.10917; 60.237; 3.55768; 63.7378; 4.21281; 67.5296; 5.05916; 72.4281; 6.40903
56.5808; 2.98197; 59.4598; 3.42665; 63.0698; 4.0791; 66.979; 4.92645; 72.0314; 6.28745
55.739; 2.8632; 58.7004; 3.30329; 62.4141; 3.952; 66.4362; 4.79901; 71.6368; 6.16878
54.9198; 2.75216; 57.9584; 3.18705; 61.7706; 3.8311; 65.901; 4.67659; 71.2451; 6.0532
54.1224; 2.64822; 57.2333; 3.0774; 61.1389; 3.71601; 65.3734; 4.55898; 70.8566; 5.94074
53.3461; 2.5508; 56.5245; 2.97388; 60.5187; 3.6064; 64.8533; 4.44593; 70.4717; 5.83136
52.5903; 2.4594; 55.8317; 2.87604; 59.9098; 3.50192; 64.3406; 4.33722; 70.0904; 5.72498
51.8542; 2.37353; 55.1543; 2.78351; 59.312; 3.40228; 63.8351; 4.23264; 69.7126; 5.62151
51.1372; 2.29277; 54.492; 2.69591; 58.7249; 3.30719; 63.3366; 4.13199; 69.3384; 5.52086
50.4388; 2.21674; 53.8443; 2.61291; 58.1483; 3.2164; 62.8451; 4.0351; 68.9678; 5.42294
49.7582; 2.14509; 53.2109; 2.5342; 57.582; 3.12965; 62.3605; 3.94177; 68.6007; 5.32766
49.095; 2.07749; 52.5912; 2.45951; 57.0258; 3.04672; 61.8825; 3.85185; 68.237; 5.23493
48.4486; 2.01365; 51.985; 2.38857; 56.4793; 2.96739; 61.4111; 3.76518; 67.8767; 5.14466
47.8184; 1.95331; 51.3919; 2.32114; 55.9425; 2.89147; 60.9463; 3.68161; 67.5198; 5.05677
47.2039; 1.89621; 50.8115; 2.257; 55.4151; 2.81878; 60.4877; 3.60101; 67.1662; 4.97118
46.6047; 1.84214; 50.2435; 2.19595; 54.8969; 2.74913; 60.0355; 3.52323; 66.8159; 4.88781
46.0203; 1.79088; 49.6876; 2.13779; 54.3877; 2.68236; 59.5894; 3.44815; 66.4689; 4.8066
45.4501; 1.74226; 49.1434; 2.08235; 53.8873; 2.61833; 59.1493; 3.37566; 66.1251; 4.72747
44.8939; 1.69609; 48.6106; 2.02947; 53.3955; 2.55689; 58.7151; 3.30564; 65.7845; 4.65036
44.3511; 1.65222; 48.089; 1.979; 52.9121; 2.4979; 58.2868; 3.23799; 65.447; 4.5752
43.8213; 1.61049; 47.5782; 1.93078; 52.4369; 2.44125; 57.8643; 3.17259; 65.1126; 4.50193
43.3042; 1.57078; 47.0779; 1.88471; 51.9698; 2.38681; 57.4473; 3.10937; 64.7813; 4.43048
42.7993; 1.53295; 46.5879; 1.84064; 51.5106; 2.33447; 57.036; 3.04822; 64.453; 4.36081
42.3063; 1.4969; 46.1079; 1.79847; 51.059; 2.28413; 56.63; 2.98906; 64.1277; 4.29286
41.8248; 1.4625; 45.6376; 1.7581; 50.6151; 2.23569; 56.2295; 2.93181; 63.8053; 4.22656
41.3546; 1.42967; 45.1768; 1.71942; 50.1785; 2.18906; 55.8342; 2.87638; 63.4859; 4.16188
40.8952; 1.39831; 44.7253; 1.68234; 49.7492; 2.14415; 55.444; 2.82271; 63.1694; 4.09876
40.4463; 1.36833; 44.2828; 1.64678; 49.3269; 2.10088; 55.059; 2.77072; 62.8557; 4.03716
40.0076; 1.33966; 43.849; 1.61265; 48.9116; 2.05917; 54.679; 2.72035; 62.5449; 3.97702
39.5789; 1.31221; 43.4238; 1.57988; 48.5031; 2.01896; 54.3039; 2.67153; 62.2368; 3.91831
39.1598; 1.28593; 43.007; 1.54841; 48.1012; 1.98016; 53.9337; 2.6242; 61.9315; 3.86098
38.7501; 0.837851; 42.5983; 1.51815; 47.7058; 1.94272; 53.5682; 2.5783; 61.629; 3.80499
38.3495; 0.833845; 42.1975; 1.48906; 47.3168; 1.90657; 53.2074; 2.53378; 61.3291; 3.7503
37.9577; 0.829926; 41.8045; 1.46107; 46.934; 1.87166; 52.8512; 2.49058; 61.0319; 3.69687
37.5744; 0.826094; 41.419; 1.43412; 46.5574; 1.83794; 52.4996; 2.44865; 60.7373; 3.64467
37.9229; 0.829579; 41.7055; 1.4541; 46.7563; 1.85567; 52.5908; 2.45946; 60.6687; 3.6326
38.7761; 0.838112; 42.5047; 1.5113; 47.4785; 1.92152; 53.2178; 2.53505; 61.1536; 3.71865
39.6939; 1.31952; 43.3695; 1.57574; 48.2681; 1.99619; 53.9146; 2.62178; 61.7117; 3.82022
40.606; 1.37892; 44.2294; 1.64254; 49.054; 2.07338; 54.6092; 2.71119; 62.2705; 3.92469
41.5015; 1.43985; 45.0735; 1.71087; 49.8253; 2.15205; 55.2908; 2.80191; 62.819; 4.03002
42.3791; 1.50217; 45.9004; 1.78055; 50.5806; 2.23197; 55.9582; 2.89366; 63.3559; 4.13585
43.2387; 1.56583; 46.7103; 1.85155; 51.32; 2.3131; 56.6112; 2.98635; 63.8813; 4.24209
44.0809; 1.6308; 47.5033; 1.92382; 52.0439; 2.39536; 57.2503; 3.07993; 64.3952; 4.34866
44.9058; 1.69707; 48.28; 1.99733; 52.7525; 2.47873; 57.8758; 3.17436; 64.898; 4.45553
45.714; 1.76459; 49.0405; 2.07203; 53.4462; 2.56316; 58.4879; 3.26957; 65.39; 4.56263
46.5056; 1.83335; 49.7854; 2.14791; 54.1253; 2.6486; 59.0869; 3.36551; 65.8714; 4.66992
47.2812; 1.9033; 50.5149; 2.22491; 54.7903; 2.735; 59.6732; 3.46214; 66.3425; 4.77735
48.041; 1.97442; 51.2294; 2.303; 55.4412; 2.82233; 60.2471; 3.55941; 66.8035; 4.88487
48.7854; 2.04667; 51.9292; 2.38213; 56.0786; 2.91054; 60.8088; 3.65726; 67.2546; 4.99244
49.5147; 2.12002; 52.6145; 2.46228; 56.7027; 2.99957; 61.3586; 3.75565; 67.6962; 5.10002
50.2293; 2.19443; 53.2859; 2.5434; 57.3138; 3.08939; 61.8969; 3.85452; 68.1284; 5.20756
50.9294; 2.26988; 53.9435; 2.62544; 57.9122; 3.17995; 62.4238; 3.95385; 68.5515; 5.31503
51.6153; 2.34631; 54.5876; 2.70838; 58.4982; 3.2712; 62.9397; 4.05356; 68.9656; 5.42238
52.2875; 2.4237; 55.2186; 2.79216; 59.0721; 3.36311; 63.4448; 4.15363; 69.3711; 5.52957
52.9461; 2.50202; 55.8368; 2.87675; 59.6342; 3.45562; 63.9394; 4.254; 69.7681; 5.63658
53.5916; 2.58121; 56.4424; 2.96211; 60.1846; 3.54869; 64.4236; 4.35464; 70.1568; 5.74336
54.2241; 2.66125; 57.0358; 3.0482; 60.7238; 3.64229; 64.8979; 4.4555; 70.5374; 5.84988
54.8439; 2.7421; 57.6171; 3.13497; 61.252; 3.73636; 65.3623; 4.55653; 70.9101; 5.95611
55.4515; 2.82372; 58.1868; 3.22238; 61.7693; 3.83086; 65.8171; 4.6577; 71.2752; 6.06202
56.0469; 2.90608; 58.745; 3.3104; 62.2762; 3.92576; 66.2627; 4.75897; 71.6328; 6.16758
56.6305; 2.98913; 59.2919; 3.39899; 62.7727; 4.02101; 66.6991; 4.86031; 71.983; 6.27276
57.2026; 3.07285; 59.828; 3.48811; 63.2592; 4.11658; 67.1265; 4.96166; 72.3261; 6.37754
57.7634; 3.15719; 60.3534; 3.57772; 63.7359; 4.21242; 67.5453; 5.06301; 72.6623; 6.48189
58.3132; 3.24211; 60.8683; 3.66778; 64.203; 4.3085; 67.9557; 5.16431; 72.9916; 6.58578
58.8522; 3.32759; 61.373; 3.75825; 64.6607; 4.40477; 68.3577; 5.26553; 73.3143; 6.6892
59.3807; 3.41358; 61.8677; 3.8491; 65.1093; 4.50122; 68.7516; 5.36664; 73.6306; 6.79212
59.8988; 3.50006; 62.3527; 3.9403; 65.549; 4.59779; 69.1377; 5.46761; 73.9405; 6.89453
60.4069; 3.58698; 62.8282; 4.0318; 65.98; 4.69446; 69.516; 5.5684; 74.2443; 6.9964
60.9052; 3.67432; 63.2944; 4.12357; 66.4024; 4.79119; 69.8869; 5.669; 74.5421; 7.09772
61.3938; 3.76203; 63.7515; 4.21559; 66.8165; 4.88795; 70.2504; 5.76937; 74.834; 7.19846
61.8731; 3.85009; 64.1997; 4.30781; 67.2226; 4.98472; 70.6067; 5.86948; 75.1203; 7.29862
62.3431; 3.93847; 64.6392; 4.40021; 67.6206; 5.08145; 70.956; 5.96932; 75.4009; 7.39819
62.8042; 4.02713; 65.0703; 4.49275; 68.011; 5.17812; 71.2985; 6.06885; 75.6761; 7.49713
63.2565; 4.11604; 65.4931; 4.5854; 68.3938; 5.27471; 71.6344; 6.16806; 75.9459; 7.59546
63.7002; 4.20517; 65.9078; 4.67814; 68.7692; 5.37119; 71.9637; 6.26692; 76.2106; 7.69315
64.1356; 4.2945; 66.3146; 4.77093; 69.1374; 5.46752; 72.2867; 6.36542; 76.4702; 7.79019
63.7404; 4.21334; 66.0174; 4.70296; 68.9379; 5.41512; 72.1664; 6.32855; 76.4186; 7.77078
62.8023; 4.02676; 65.2339; 4.52837; 68.3351; 5.25979; 71.7406; 6.19978; 76.186; 7.68399
61.8112; 3.83862; 64.3726; 4.34391; 67.6324; 5.08434; 71.2066; 6.04197; 75.861; 7.56437
60.8371; 3.66227; 63.5133; 4.16739; 66.913; 4.91077; 70.6379; 5.87834; 75.49; 7.43007
59.8888; 3.49837; 62.671; 4.00131; 66.1993; 4.74444; 70.062; 5.71713; 75.097; 7.29043
58.9666; 3.34602; 61.8479; 3.84542; 65.497; 4.58627; 69.4887; 5.56106; 74.6946; 7.15016
58.0697; 3.20422; 61.0439; 3.69901; 64.8074; 4.43609; 68.9217; 5.4109; 74.2893; 7.01161
57.1971; 3.07203; 60.2585; 3.56138; 64.1306; 4.29347; 68.3622; 5.26669; 73.8844; 6.87588
56.3481; 2.94865; 59.4912; 3.43185; 63.4663; 4.15795; 67.8105; 5.12825; 73.4817; 6.74347
55.5219; 2.83334; 58.7413; 3.30983; 62.8143; 4.02909; 67.2666; 4.99534; 73.082; 6.61457
54.7176; 2.72543; 58.0085; 3.19477; 62.1742; 3.90648; 66.7305; 4.86769; 72.6856; 6.48919
53.9346; 2.62432; 57.2922; 3.08617; 61.5458; 3.78973; 66.2019; 4.74503; 72.2928; 6.36728
53.1722; 2.52947; 56.5919; 2.98357; 60.9287; 3.6785; 65.6807; 4.62713; 71.9036; 6.24877
52.4296; 2.44039; 55.9073; 2.88656; 60.3229; 3.57245; 65.1669; 4.51375; 71.5182; 6.13355
51.7063; 2.35664; 55.2378; 2.79475; 59.7279; 3.47129; 64.6603; 4.40468; 71.1363; 6.0215
51.0016; 2.27781; 54.5831; 2.70778; 59.1435; 3.37472; 64.1607; 4.2997; 70.758; 5.91253
50.315; 2.20353; 53.9427; 2.62534; 58.5695; 3.28248; 63.668; 4.19863; 70.3833; 5.80653
49.6458; 2.13347; 53.3162; 2.54713; 58.0057; 3.19434; 63.1821; 4.10129; 70.0122; 5.7034
48.9934; 2.06733; 52.7033; 2.47286; 57.4519; 3.11005; 62.7029; 4.00749; 69.6445; 5.60304
48.3575; 2.00482; 52.1036; 2.40229; 56.9077; 3.02941; 62.2303; 3.91708; 69.2802; 5.50536
47.7373; 1.94568; 51.5168; 2.33518; 56.3731; 2.95221; 61.7641; 3.8299; 68.9193; 5.41027
47.1326; 1.88969; 50.9424; 2.27131; 55.8477; 2.87827; 61.3043; 3.74581; 68.5618; 5.31768
46.5427; 1.83663; 50.3802; 2.21048; 55.3314; 2.80741; 60.8507; 3.66467; 68.2076; 5.22751
45.9672; 1.7863; 49.8298; 2.15252; 54.824; 2.73947; 60.4032; 3.58634; 67.8567; 5.13968
45.4056; 1.73852; 49.291; 2.09724; 54.3254; 2.6743; 59.9618; 3.51071; 67.5089; 5.05412
44.8576; 1.69312; 48.7633; 2.04449; 53.8352; 2.61175; 59.5262; 3.43766; 67.1644; 4.97075
44.3227; 1.64996; 48.2466; 1.99411; 53.3533; 2.55169; 59.0965; 3.36707; 66.8231; 4.8895
43.8005; 1.60888; 47.7405; 1.94598; 52.8796; 2.49399; 58.6725; 3.29884; 66.4849; 4.8103
43.2907; 1.56976; 47.2447; 1.89995; 52.4138; 2.43853; 58.2541; 3.23287; 66.1497; 4.73309
42.7929; 1.53248; 46.7591; 1.85592; 51.9559; 2.38521; 57.8412; 3.16906; 65.8176; 4.65781
42.3066; 1.49692; 46.2832; 1.81377; 51.5055; 2.33391; 57.4338; 3.10733; 65.4885; 4.58438
41.8316; 1.46298; 45.8169; 1.77339; 51.0627; 2.28453; 57.0317; 3.04759; 65.1624; 4.51277
41.3675; 1.43057; 45.36; 1.73469; 50.6271; 2.23699; 56.6348; 2.98975; 64.8392; 4.4429
40.9141; 1.39959; 44.9121; 1.69759; 50.1987; 2.1912; 56.2431; 2.93374; 64.519; 4.37473
40.4709; 1.36996; 44.4731; 1.66198; 49.7773; 2.14707; 55.8565; 2.87949; 64.2016; 4.3082
40.0377; 1.3416; 44.0427; 1.6278; 49.3628; 2.10453; 55.4749; 2.82692; 63.887; 4.24327
39.6143; 1.31445; 43.6207; 1.59497; 48.955; 2.06349; 55.0982; 2.77597; 63.5753; 4.17988
39.2002; 1.28844; 43.2069; 1.56343; 48.5537; 2.0239; 54.7263; 2.72657; 63.2663; 4.11799
38.7953; 0.838303; 42.8012; 1.53309; 48.1589; 1.98569; 54.3592; 2.67867; 62.9601; 4.05756
38.3993; 0.834343; 42.4032; 1.50392; 47.7705; 1.94879; 53.9967; 2.6322; 62.6566; 3.99853
38.0119; 0.830469; 42.0128; 1.47583; 47.3881; 1.91315; 53.6389; 2.58711; 62.3558; 3.94088
38.3577; 0.833927; 42.2955; 1.49612; 47.5814; 1.93108; 53.7217; 2.59748; 62.2739; 3.92534
39.209; 1.28898; 43.0918; 1.55476; 48.2993; 1.99919; 54.3423; 2.67649; 62.7485; 4.01631
40.1248; 1.34726; 43.9538; 1.62083; 49.0846; 2.07645; 55.0326; 2.76719; 63.2963; 4.12396
41.0349; 1.40777; 44.8109; 1.68931; 49.8662; 2.1563; 55.7207; 2.86067; 63.8446; 4.2346
41.9283; 1.46983; 45.652; 1.75933; 50.633; 2.23763; 56.3958; 2.95545; 64.3827; 4.34605
42.8038; 1.53329; 46.476; 1.83072; 51.3839; 2.32024; 57.0565; 3.05124; 64.9091; 4.45792
43.6613; 1.5981; 47.2827; 1.90344; 52.1187; 2.40404; 57.7028; 3.14796; 65.4239; 4.5701
44.5012; 1.66424; 48.0727; 1.97744; 52.838; 2.48899; 58.3352; 3.24555; 65.9272; 4.68253
45.324; 1.73168; 48.8462; 2.05268; 53.542; 2.57504; 58.9538; 3.34395; 66.4195; 4.79514
46.1299; 1.80039; 49.6036; 2.12914; 54.231; 2.66214; 59.559; 3.4431; 66.9008; 4.90788
46.9193; 1.87033; 50.3452; 2.20676; 54.9054; 2.75025; 60.1511; 3.54296; 67.3715; 5.0207
47.6925; 1.94148; 51.0715; 2.28551; 55.5655; 2.83931; 60.7305; 3.64346; 67.8319; 5.13355
48.45; 2.01379; 51.7827; 2.36534; 56.2116; 2.92929; 61.2974; 3.74456; 68.2822; 5.24638
49.192; 2.08725; 52.4791; 2.44623; 56.8442; 3.02013; 61.8521; 3.84619; 68.7227; 5.35915
49.9189; 2.1618; 53.1612; 2.52813; 57.4634; 3.11178; 62.3949; 3.94832; 69.1536; 5.4718
50.6311; 2.23742; 53.8291; 2.61099; 58.0696; 3.2042; 62.926; 4.05089; 69.575; 5.58429
51.3287; 2.31407; 54.4833; 2.69477; 58.663; 3.29733; 63.4459; 4.15385; 69.9874; 5.69659
52.0122; 2.39171; 55.124; 2.77944; 59.2441; 3.39114; 63.9547; 4.25715; 70.3909; 5.80864
52.6819; 2.4703; 55.7516; 2.86494; 59.8129; 3.48558; 64.4526; 4.36074; 70.7856; 5.92041
53.3381; 2.54981; 56.3663; 2.95124; 60.37; 3.58059; 64.9401; 4.46458; 71.1719; 6.03187
53.981; 2.6302; 56.9684; 3.0383; 60.9154; 3.67614; 65.4172; 4.56862; 71.55; 6.14298
54.611; 2.71143; 57.5583; 3.12607; 61.4496; 3.77217; 65.8843; 4.67282; 71.92; 6.25369
55.2283; 2.79347; 58.1361; 3.21451; 61.9727; 3.86865; 66.3415; 4.77713; 72.2821; 6.36399
55.8333; 2.87626; 58.7022; 3.30358; 62.4849; 3.96553; 66.7892; 4.88152; 72.6365; 6.47384
56.4262; 2.95978; 59.2569; 3.39324; 62.9867; 4.06277; 67.2276; 4.98593; 72.9835; 6.58321
57.0072; 3.044; 59.8003; 3.48345; 63.4782; 4.16033; 67.6568; 5.09034; 73.3232; 6.69207
57.5768; 3.12886; 60.3328; 3.57417; 63.9596; 4.25816; 68.0772; 5.1947; 73.6558; 6.8004
58.135; 3.21433; 60.8546; 3.66536; 64.4312; 4.35623; 68.4888; 5.29898; 73.9815; 6.90817
58.6822; 3.30038; 61.366; 3.75698; 64.8932; 4.45449; 68.892; 5.40314; 74.3004; 7.01536
59.2186; 3.38697; 61.8671; 3.84899; 65.3459; 4.55292; 69.2869; 5.50715; 74.6127; 7.12194
59.7444; 3.47407; 62.3583; 3.94136; 65.7894; 4.65146; 69.6738; 5.61097; 74.9186; 7.2279
60.26; 3.56163; 62.8397; 4.03404; 66.224; 4.7501; 70.0527; 5.71458; 75.2182; 7.33322
60.7655; 3.64962; 63.3116; 4.12701; 66.6499; 4.84878; 70.424; 5.81794; 75.5117; 7.43788
61.2612; 3.73801; 63.7742; 4.22023; 67.0673; 4.94748; 70.7878; 5.92103; 75.7993; 7.54186
61.7472; 3.82677; 64.2278; 4.31366; 67.4763; 5.04617; 71.1442; 6.02381; 76.081; 7.64514
62.2238; 3.91586; 64.6724; 4.40726; 67.8773; 5.14481; 71.4936; 6.12627; 76.357; 7.74772
62.6913; 4.00524; 65.1084; 4.50102; 68.2704; 5.24338; 71.8359; 6.22837; 76.6276; 7.84958
63.1498; 4.09489; 65.5359; 4.5949; 68.6557; 5.34184; 72.1714; 6.33009; 76.8927; 7.9507
63.5995; 4.18477; 65.9552; 4.68885; 69.0335; 5.44017; 72.5004; 6.43141; 77.1526; 8.05109
64.0407; 4.27486; 66.3664; 4.78287; 69.4039; 5.53833; 72.8228; 6.53231; 77.4073; 8.15072
64.4734; 4.36512; 66.7697; 4.87691; 69.7671; 5.63631; 73.1389; 6.63277; 77.657; 8.24959
64.0745; 4.28186; 66.4683; 4.80647; 69.5631; 5.58108; 73.0141; 6.59292; 77.6014; 8.22745
63.1322; 4.09142; 65.68; 4.62697; 68.9551; 5.41961; 72.5829; 6.4571; 77.364; 8.13369
62.137; 3.89948; 64.8139; 4.43748; 68.2471; 5.23749; 72.0433; 6.29106; 77.0339; 8.0051
61.1589; 3.71961; 63.95; 4.2562; 67.5225; 5.05742; 71.4692; 6.11905; 76.6577; 7.86101
60.2067; 3.55248; 63.1032; 4.08569; 66.8036; 4.88491; 70.8877; 5.94967; 76.2596; 7.71134
59.2807; 3.39715; 62.2757; 3.92567; 66.0963; 4.7209; 70.3091; 5.78576; 75.852; 7.5611
58.38; 3.25259; 61.4673; 3.77541; 65.4018; 4.56522; 69.7368; 5.62808; 75.4416; 7.41276
57.5038; 3.11786; 60.6777; 3.63418; 64.7201; 4.41741; 69.1721; 5.4767; 75.0317; 7.2675
56.6512; 2.99212; 59.9061; 3.50129; 64.051; 4.27699; 68.6152; 5.33142; 74.624; 7.12583
55.8215; 2.87462; 59.1522; 3.37613; 63.3942; 4.14349; 68.0662; 5.19196; 74.2193; 6.98794
55.0138; 2.76468; 58.4153; 3.25813; 62.7494; 4.0165; 67.525; 5.05805; 73.818; 6.85387
54.2274; 2.66168; 57.695; 3.14677; 62.1164; 3.8956; 66.9915; 4.92941; 73.4204; 6.72353
53.4617; 2.56508; 56.9909; 3.04159; 61.4949; 3.78043; 66.4654; 4.80579; 73.0264; 6.59685
52.7159; 2.47436; 56.3024; 2.94215; 60.8845; 3.67066; 65.9467; 4.68693; 72.6361; 6.47371
51.9895; 2.38908; 55.6291; 2.84805; 60.2852; 3.56596; 65.4353; 4.57262; 72.2495; 6.35399
51.2817; 2.30882; 54.9707; 2.75894; 59.6965; 3.46603; 64.9309; 4.46262; 71.8666; 6.23759
50.592; 2.2332; 54.3267; 2.67447; 59.1182; 3.37061; 64.4336; 4.35673; 71.4872; 6.12438
49.9198; 2.16189; 53.6967; 2.59434; 58.5502; 3.27943; 63.9431; 4.25477; 71.1114; 6.01426
49.2646; 2.09457; 53.0803; 2.51827; 57.9922; 3.19226; 63.4593; 4.15654; 70.7391; 5.90713
48.6257; 2.03095; 52.4771; 2.44599; 57.444; 3.10887; 62.9822; 4.06188; 70.3703; 5.80287
48.0028; 1.97078; 51.8868; 2.37727; 56.9053; 3.02905; 62.5115; 3.97062; 70.0049; 5.7014
47.3952; 1.91381; 51.3091; 2.31188; 56.376; 2.95262; 62.0473; 3.88261; 69.6429; 5.60262
46.8026; 1.85982; 50.7436; 2.24961; 55.8558; 2.87939; 61.5893; 3.79771; 69.2843; 5.50644
46.2244; 1.80862; 50.19; 2.19028; 55.3445; 2.80919; 61.1375; 3.71576; 68.9289; 5.41278
45.6602; 1.76002; 49.648; 2.1337; 54.842; 2.74185; 60.6917; 3.63665; 68.5769; 5.32155
45.1096; 1.71385; 49.1172; 2.07971; 54.3481; 2.67723; 60.252; 3.56025; 68.228; 5.23267
44.5722; 1.66995; 48.5973; 2.02817; 53.8625; 2.6152; 59.818; 3.48643; 67.8824; 5.14607
44.0475; 1.62818; 48.0882; 1.97892; 53.3851; 2.55561; 59.3899; 3.4151; 67.5399; 5.06167
43.5352; 1.5884; 47.5894; 1.93183; 52.9157; 2.49834; 58.9674; 3.34614; 67.2005; 4.97941
43.035; 1.5505; 47.1008; 1.88679; 52.4542; 2.44329; 58.5504; 3.27946; 66.8642; 4.89921
42.5463; 1.51435; 46.622; 1.84368; 52.0003; 2.39033; 58.139; 3.21495; 66.5309; 4.82101
42.069; 1.47984; 46.1528; 1.80238; 51.5539; 2.33937; 57.7329; 3.15254; 66.2007; 4.74475
41.6026; 1.44689; 45.693; 1.76281; 51.1149; 2.29031; 57.3321; 3.09212; 65.8734; 4.67037
41.1468; 1.4154; 45.2423; 1.72487; 50.6831; 2.24305; 56.9365; 3.03362; 65.5491; 4.5978
40.7014; 1.38529; 44.8006; 1.68847; 50.2584; 2.19752; 56.5461; 2.97697; 65.2276; 4.527
40.266; 1.35647; 44.3674; 1.65352; 49.8405; 2.15363; 56.1606; 2.92208; 64.9091; 4.45791
39.8404; 1.32888; 43.9427; 1.61997; 49.4294; 2.1113; 55.7801; 2.86889; 64.5933; 4.39047
39.4242; 1.30244; 43.5263; 1.58772; 49.0249; 2.07047; 55.4045; 2.81733; 64.2804; 4.32463
39.0171; 0.840521; 43.1179; 1.55672; 48.6269; 2.03106; 55.0337; 2.76734; 63.9703; 4.26036
38.619; 0.83654; 42.7173; 1.5269; 48.2352; 1.99302; 54.6675; 2.71885; 63.6629; 4.1976
38.2295; 0.832645; 42.3243; 1.4982; 47.8498; 1.95627; 54.306; 2.67181; 63.3582; 4.1363
38.574; 0.83609; 42.605; 1.51865; 48.0398; 1.97431; 54.384; 2.68188; 63.2682; 4.11837
39.4243; 1.30246; 43.3999; 1.57806; 48.7554; 2.0437; 55.0008; 2.76295; 63.7364; 4.21252
40.3392; 1.36127; 44.2605; 1.64501; 49.5384; 2.12244; 55.6874; 2.85607; 64.2778; 4.32409
41.2483; 1.42235; 45.116; 1.71438; 50.3175; 2.2038; 56.3717; 2.95201; 64.8198; 4.43873
42.1407; 1.48498; 45.9556; 1.7853; 51.0819; 2.28665; 57.0429; 3.04924; 65.3514; 4.55413
43.0151; 1.54901; 46.7779; 1.85761; 51.8302; 2.37078; 57.6997; 3.14748; 65.8713; 4.6699
43.8715; 1.61441; 47.5831; 1.93124; 52.5626; 2.45611; 58.3421; 3.24664; 66.3796; 4.78591
44.7104; 1.68113; 48.3714; 2.00617; 53.2793; 2.54258; 58.9705; 3.34665; 66.8764; 4.9021
45.532; 1.74916; 49.1433; 2.08234; 53.9806; 2.63016; 59.5851; 3.44745; 67.362; 5.0184
46.3368; 1.81846; 49.899; 2.15972; 54.667; 2.71878; 60.1863; 3.54898; 67.8368; 5.13476
47.1251; 1.88901; 50.639; 2.23828; 55.3388; 2.80841; 60.7744; 3.6512; 68.3009; 5.25113
47.8972; 1.96075; 51.3635; 2.31796; 55.9963; 2.89898; 61.3497; 3.75403; 68.7547; 5.36744
48.6535; 2.03367; 52.073; 2.39873; 56.6397; 2.99046; 61.9125; 3.85743; 69.1984; 5.48367
49.3943; 2.10773; 52.7677; 2.48055; 57.2696; 3.08279; 62.4631; 3.96135; 69.6323; 5.59974
50.1201; 2.18289; 53.448; 2.56338; 57.886; 3.17593; 63.0018; 4.06573; 70.0565; 5.71562
50.831; 2.25912; 54.1141; 2.64717; 58.4895; 3.26982; 63.5288; 4.17051; 70.4714; 5.83126
51.5274; 2.33637; 54.7665; 2.73188; 59.0802; 3.36442; 64.0445; 4.27565; 70.8771; 5.94662
52.2097; 2.41462; 55.4055; 2.81746; 59.6585; 3.45968; 64.5491; 4.3811; 71.274; 6.06166
52.8782; 2.49382; 56.0312; 2.90388; 60.2246; 3.55554; 65.0429; 4.4868; 71.6621; 6.17633
53.5331; 2.57393; 56.6441; 2.99109; 60.7788; 3.65197; 65.5261; 4.59272; 72.0418; 6.29059
54.1747; 2.65492; 57.2444; 3.07905; 61.3215; 3.74892; 65.9991; 4.6988; 72.4132; 6.40442
54.8035; 2.73675; 57.8324; 3.16772; 61.8528; 3.84633; 66.462; 4.80499; 72.7766; 6.51778
55.4195; 2.81938; 58.4084; 3.25705; 62.3731; 3.94418; 66.915; 4.91126; 73.1322; 6.63063
56.0232; 2.90276; 58.9727; 3.347; 62.8826; 4.0424; 67.3586; 5.01756; 73.4801; 6.74294
56.6149; 2.98687; 59.5255; 3.43753; 63.3815; 4.14096; 67.7927; 5.12384; 73.8205; 6.85469
57.1946; 3.07166; 60.067; 3.5286; 63.8701; 4.23981; 68.2178; 5.23008; 74.1537; 6.96585
57.7629; 3.1571; 60.5977; 3.62017; 64.3487; 4.33892; 68.6339; 5.33623; 74.4798; 7.07638
58.3198; 3.24315; 61.1176; 3.7122; 64.8175; 4.43825; 69.0414; 5.44225; 74.7989; 7.18627
58.8657; 3.32976; 61.6271; 3.80464; 65.2767; 4.53774; 69.4404; 5.5481; 75.1114; 7.2955
59.4008; 3.41691; 62.1264; 3.89747; 65.7265; 4.63737; 69.8311; 5.65376; 75.4172; 7.40403
59.9254; 3.50456; 62.6157; 3.99064; 66.1672; 4.7371; 70.2138; 5.75919; 75.7167; 7.51186
60.4397; 3.59266; 63.0952; 4.08411; 66.599; 4.83689; 70.5886; 5.86436; 76.0099; 7.61896
60.9439; 3.68119; 63.5652; 4.17786; 67.0221; 4.9367; 70.9557; 5.96924; 76.2971; 7.72532
61.4382; 3.77011; 64.026; 4.27183; 67.4366; 5.03651; 71.3154; 6.07379; 76.5782; 7.83091
61.923; 3.85939; 64.4776; 4.36601; 67.8429; 5.13628; 71.6677; 6.178; 76.8537; 7.93574
62.3983; 3.94899; 64.9204; 4.46036; 68.2411; 5.23597; 72.0129; 6.28183; 77.1234; 8.03977
62.8645; 4.03888; 65.3546; 4.55483; 68.6313; 5.33556; 72.3512; 6.38526; 77.3877; 8.14301
63.3217; 4.12902; 65.7802; 4.64941; 69.0139; 5.43502; 72.6826; 6.48826; 77.6466; 8.24543
63.7701; 4.21939; 66.1976; 4.74406; 69.3889; 5.53432; 73.0075; 6.59082; 77.9003; 8.34704
64.21; 4.30996; 66.6069; 4.83874; 69.7565; 5.63343; 73.3258; 6.69292; 78.1488; 8.44782
64.6415; 4.40069; 67.0084; 4.93344; 70.1169; 5.73232; 73.6379; 6.79452; 78.3924; 8.54776
64.2408; 4.31636; 66.7049; 4.86167; 69.9105; 5.67548; 73.5105; 6.75284; 78.3343; 8.52381
63.2964; 4.12397; 65.914; 4.67954; 69.2995; 5.51049; 73.0762; 6.61272; 78.0939; 8.42545
62.2991; 3.93012; 65.0455; 4.48736; 68.5886; 5.32456; 72.5333; 6.44166; 77.7607; 8.29099
61.319; 3.74847; 64.1791; 4.30354; 67.8611; 5.14078; 71.9559; 6.26456; 77.3813; 8.1405
60.3649; 3.57971; 63.3299; 4.13066; 67.1394; 4.96474; 71.3713; 6.09021; 76.9799; 7.98427
59.4369; 3.42287; 62.5001; 3.96843; 66.4292; 4.7974; 70.7895; 5.92153; 76.5692; 7.82751
58.5344; 3.27692; 61.6894; 3.81611; 65.7319; 4.63858; 70.2142; 5.75929; 76.1557; 7.67277
57.6564; 3.14091; 60.8975; 3.67296; 65.0475; 4.48781; 69.6464; 5.60355; 75.7427; 7.52128
56.802; 3.01398; 60.1238; 3.53828; 64.3757; 4.34458; 69.0865; 5.4541; 75.3318; 7.37356
55.9705; 2.89538; 59.3677; 3.41144; 63.7163; 4.20845; 68.5345; 5.31067; 74.9241; 7.22981
55.1611; 2.78442; 58.6287; 3.29187; 63.069; 4.07895; 67.9903; 5.17296; 74.5197; 7.09005
54.3731; 2.68047; 57.9063; 3.17904; 62.4334; 3.95568; 67.4538; 5.04069; 74.1191; 6.95421
53.6057; 2.58298; 57.2001; 3.07248; 61.8094; 3.83828; 66.9249; 4.9136; 73.7221; 6.8222
52.8584; 2.49144; 56.5096; 2.97174; 61.1966; 3.72638; 66.4034; 4.79142; 73.3289; 6.6939
52.1303; 2.40538; 55.8344; 2.87642; 60.5948; 3.61966; 65.8891; 4.67392; 72.9393; 6.56918
51.421; 2.3244; 55.174; 2.78616; 60.0037; 3.51782; 65.382; 4.56087; 72.5535; 6.44792
50.7298; 2.24811; 54.5281; 2.70061; 59.4231; 3.42058; 64.8819; 4.45206; 72.1712; 6.33002
50.0561; 2.17617; 53.8962; 2.61946; 58.8527; 3.32767; 64.3887; 4.3473; 71.7925; 6.21534
49.3994; 2.10825; 53.278; 2.54243; 58.2924; 3.23886; 63.9022; 4.24639; 71.4174; 6.10379
48.7592; 2.04408; 52.673; 2.46924; 57.7419; 3.15391; 63.4224; 4.14915; 71.0458; 5.99524
48.1348; 1.98338; 52.081; 2.39966; 57.201; 3.07261; 62.9492; 4.05542; 70.6776; 5.88961
47.5259; 1.92592; 51.5015; 2.33345; 56.6695; 2.99476; 62.4823; 3.96503; 70.3128; 5.7868
46.9319; 1.87147; 50.9343; 2.27041; 56.1471; 2.92017; 62.0218; 3.87784; 69.9514; 5.6867
46.3524; 1.81983; 50.3789; 2.21035; 55.6337; 2.84868; 61.5674; 3.7937; 69.5934; 5.58924
45.7869; 1.77082; 49.8352; 2.15308; 55.1291; 2.78011; 61.1192; 3.71248; 69.2386; 5.49431
45.235; 1.72426; 49.3028; 2.09843; 54.633; 2.71432; 60.6769; 3.63405; 68.8871; 5.40185
44.6963; 1.67999; 48.7813; 2.04626; 54.1454; 2.65116; 60.2406; 3.55829; 68.5388; 5.31177
44.1704; 1.63787; 48.2705; 1.99642; 53.6659; 2.5905; 59.81; 3.48508; 68.1936; 5.22399
43.6569; 1.59776; 47.7702; 1.94877; 53.1945; 2.5322; 59.3851; 3.41431; 67.8516; 5.13844
43.1554; 1.55954; 47.28; 1.90319; 52.731; 2.47616; 58.9658; 3.34588; 67.5127; 5.05504
42.6656; 1.52309; 46.7997; 1.85956; 52.2752; 2.42226; 58.5519; 3.2797; 67.1769; 4.97374
42.187; 1.4883; 46.329; 1.81778; 51.8269; 2.3704; 58.1435; 3.21566; 66.8441; 4.89445
41.7195; 1.45508; 45.8677; 1.77774; 51.3859; 2.32047; 57.7404; 3.15368; 66.5142; 4.81713
41.2626; 1.42334; 45.4156; 1.73935; 50.9522; 2.27238; 57.3426; 3.09368; 66.1874; 4.74171
40.8161; 1.39298; 44.9723; 1.70253; 50.5256; 2.22605; 56.9498; 3.03557; 65.8634; 4.66813
40.3796; 1.36393; 44.5378; 1.66718; 50.1059; 2.1814; 56.5622; 2.97928; 65.5424; 4.59632
39.9528; 1.33612; 44.1117; 1.63323; 49.6929; 2.13834; 56.1795; 2.92474; 65.2242; 4.52625
39.5356; 1.30947; 43.6938; 1.60061; 49.2866; 2.0968; 55.8016; 2.87187; 64.9088; 4.45786
39.1275; 1.28392; 43.284; 1.56925; 48.8868; 2.05671; 55.4286; 2.82061; 64.5963; 4.39109
38.7283; 0.837633; 42.8821; 1.53909; 48.4934; 2.01801; 55.0603; 2.7709; 64.2864; 4.32589
38.3378; 0.833728; 42.4878; 1.51007; 48.1062; 1.98064; 54.6967; 2.72268; 63.9794; 4.26223
38.6816; 0.837166; 42.7674; 1.5306; 48.2945; 1.99873; 54.7718; 2.73257; 63.8844; 4.24273
39.5315; 1.30921; 43.5615; 1.59042; 49.0087; 2.06886; 55.3864; 2.81488; 64.3486; 4.33889
40.4458; 1.3683; 44.4213; 1.65783; 49.7904; 2.14843; 56.0708; 2.90943; 64.8861; 4.45296
41.3544; 1.42966; 45.276; 1.72767; 50.5682; 2.23063; 56.7528; 3.00684; 65.424; 4.57013
42.2463; 1.49257; 46.1148; 1.79908; 51.3312; 2.31434; 57.4218; 3.10554; 65.9517; 4.68805
43.1202; 1.55689; 46.9363; 1.87187; 52.0782; 2.39933; 58.0763; 3.20525; 66.4676; 4.80629
43.9761; 1.62258; 47.7407; 1.94599; 52.8091; 2.48552; 58.7165; 3.30586; 66.9718; 4.92473
44.8145; 1.6896; 48.5281; 2.0214; 53.5244; 2.57285; 59.3425; 3.40731; 67.4645; 5.0433
45.6355; 1.75793; 49.2991; 2.09807; 54.2243; 2.66128; 59.9548; 3.50954; 67.9461; 5.16194
46.4398; 1.82752; 50.054; 2.17594; 54.9093; 2.75076; 60.5537; 3.61249; 68.4168; 5.28059
47.2275; 1.89837; 50.7931; 2.25499; 55.5796; 2.84124; 61.1394; 3.7161; 68.8769; 5.3992
47.999; 1.97041; 51.5167; 2.33517; 56.2355; 2.93267; 61.7123; 3.82033; 69.3266; 5.5177
48.7547; 2.04364; 52.2252; 2.41643; 56.8775; 3.02499; 62.2727; 3.9251; 69.7662; 5.63607
49.495; 2.118; 52.919; 2.49874; 57.5059; 3.11817; 62.8209; 4.03037; 70.1959; 5.75423
50.2201; 2.19346; 53.5984; 2.58206; 58.1208; 3.21214; 63.3571; 4.13609; 70.6161; 5.87214
50.9304; 2.26999; 54.2636; 2.66634; 58.7227; 3.30686; 63.8817; 4.24219; 71.0268; 5.98976
51.6263; 2.34755; 54.9151; 2.75154; 59.3119; 3.40227; 64.395; 4.34862; 71.4285; 6.10704
52.3079; 2.4261; 55.5531; 2.83761; 59.8887; 3.49834; 64.8972; 4.45535; 71.8212; 6.22395
52.9758; 2.5056; 56.1779; 2.92452; 60.4532; 3.59501; 65.3885; 4.5623; 72.2053; 6.34043
53.6301; 2.58601; 56.7898; 3.01221; 61.0059; 3.69224; 65.8693; 4.66945; 72.5808; 6.45646
54.2711; 2.6673; 57.3892; 3.10065; 61.547; 3.78997; 66.3398; 4.77673; 72.9482; 6.57199
54.8992; 2.74943; 57.9762; 3.18979; 62.0768; 3.88816; 66.8002; 4.88411; 73.3075; 6.68699
55.5147; 2.83235; 58.5512; 3.27959; 62.5955; 3.98676; 67.2509; 4.99153; 73.659; 6.80143
56.1177; 2.91604; 59.1145; 3.37; 63.1034; 4.08574; 67.6919; 5.09896; 74.0028; 6.91528
56.7087; 3.00044; 59.6663; 3.46099; 63.6008; 4.18504; 68.1236; 5.20636; 74.3392; 7.02851
57.2879; 3.08552; 60.2069; 3.55252; 64.0879; 4.28462; 68.5462; 5.31367; 74.6683; 7.14109
57.8555; 3.17125; 60.7366; 3.64453; 64.5649; 4.38444; 68.9599; 5.42088; 74.9903; 7.25299
58.4118; 3.25758; 61.2555; 3.737; 65.0321; 4.48447; 69.3649; 5.52792; 75.3055; 7.36419
58.957; 3.34447; 61.764; 3.82988; 65.4897; 4.58465; 69.7615; 5.63478; 75.6139; 7.47467
59.4915; 3.4319; 62.2623; 3.92314; 65.938; 4.68495; 70.1498; 5.74141; 75.9158; 7.58441
60.0154; 3.51982; 62.7506; 4.01673; 66.3771; 4.78534; 70.53; 5.84779; 76.2113; 7.69338
60.5291; 3.6082; 63.2292; 4.11062; 66.8073; 4.88578; 70.9024; 5.95387; 76.5005; 7.80157
61.0326; 3.697; 63.6983; 4.20478; 67.2288; 4.98623; 71.2671; 6.05964; 76.7837; 7.90897
61.5263; 3.78618; 64.158; 4.29916; 67.6418; 5.08665; 71.6243; 6.16506; 77.0609; 8.01555
62.0104; 3.87572; 64.6087; 4.39373; 68.0465; 5.18702; 71.9742; 6.27009; 77.3324; 8.12131
62.4851; 3.96557; 65.0505; 4.48846; 68.4431; 5.2873; 72.317; 6.37473; 77.5983; 8.22623
62.9507; 4.05571; 65.4837; 4.58331; 68.8318; 5.38746; 72.6528; 6.47894; 77.8587; 8.3303
63.4072; 4.1461; 65.9083; 4.67826; 69.2128; 5.48748; 72.9819; 6.5827; 78.1137; 8.43351
63.855; 4.23672; 66.3248; 4.77327; 69.5863; 5.58732; 73.3044; 6.68598; 78.3635; 8.53585
64.2942; 4.32752; 66.7331; 4.86831; 69.9523; 5.68695; 73.6204; 6.78877; 78.6083; 8.63731
64.7251; 4.41848; 67.1336; 4.96335; 70.3113; 5.78636; 73.9301; 6.89104; 78.8481; 8.73788
64.3234; 4.33363; 66.8289; 4.89088; 70.1034; 5.72859; 73.8011; 6.84826; 78.7884; 8.71276
63.378; 4.14025; 66.0368; 4.70736; 69.4908; 5.56163; 73.3649; 6.70556; 78.5462; 8.61146
62.3797; 3.94544; 65.1669; 4.51375; 68.7782; 5.37354; 72.8202; 6.5315; 78.211; 8.47323
61.3987; 3.76291; 64.2993; 4.32858; 68.0491; 5.18766; 72.2409; 6.35135; 77.8296; 8.31863
60.4435; 3.59333; 63.4488; 4.15444; 67.3258; 5.00964; 71.6544; 6.17403; 77.4263; 8.1582
59.5147; 3.43574; 62.6177; 3.99104; 66.6141; 4.84042; 71.0708; 6.00249; 77.0136; 7.99726
58.6112; 3.28909; 61.8059; 3.83764; 65.9153; 4.67983; 70.4936; 5.83752; 76.5981; 7.83843
57.7322; 3.15244; 61.0128; 3.69347; 65.2294; 4.52739; 69.924; 5.67917; 76.1832; 7.68295
56.877; 3.02492; 60.2379; 3.55784; 64.5561; 4.38259; 69.3623; 5.52724; 75.7704; 7.53136
56.0446; 2.90576; 59.4807; 3.43011; 63.8953; 4.24496; 68.8086; 5.38143; 75.3607; 7.38385
55.2344; 2.79429; 58.7406; 3.3097; 63.2465; 4.11405; 68.2627; 5.24144; 74.9545; 7.24045
54.4455; 2.68986; 58.0171; 3.1961; 62.6095; 3.98945; 67.7245; 5.107; 74.552; 7.10109
53.6774; 2.59193; 57.3099; 3.0888; 61.9841; 3.87078; 67.1939; 4.97783; 74.1532; 6.96567
52.9292; 2.49997; 56.6183; 2.98737; 61.3699; 3.75769; 66.6707; 4.85366; 73.7581; 6.83406
52.2004; 2.41353; 55.9421; 2.89141; 60.7667; 3.64983; 66.1548; 4.73426; 73.3667; 6.70614
51.4903; 2.33219; 55.2807; 2.80054; 60.1743; 3.54692; 65.6461; 4.61939; 72.9791; 6.58179
50.7983; 2.25556; 54.6338; 2.71442; 59.5924; 3.44865; 65.1444; 4.50884; 72.595; 6.46088
50.1239; 2.1833; 54.0009; 2.63273; 59.0207; 3.35477; 64.6496; 4.4024; 72.2146; 6.34328
49.4665; 2.11509; 53.3817; 2.55519; 58.4591; 3.26504; 64.1615; 4.29988; 71.8377; 6.2289
48.8255; 2.05064; 52.7757; 2.48152; 57.9074; 3.1792; 63.6802; 4.2011; 71.4643; 6.11762
48.2005; 1.98968; 52.1828; 2.41148; 57.3652; 3.09707; 63.2054; 4.10589; 71.0944; 6.00933
47.5909; 1.93197; 51.6024; 2.34484; 56.8325; 3.01842; 62.737; 4.01409; 70.7279; 5.90394
46.9962; 1.87729; 51.0342; 2.2814; 56.3089; 2.94307; 62.275; 3.92553; 70.3648; 5.80133
46.416; 1.82543; 50.478; 2.22095; 55.7943; 2.87085; 61.8191; 3.84009; 70.0051; 5.70144
45.8499; 1.77621; 49.9334; 2.16331; 55.2885; 2.80159; 61.3694; 3.75761; 69.6486; 5.60416
45.2974; 1.72946; 49.4001; 2.10832; 54.7913; 2.73514; 60.9257; 3.67796; 69.2954; 5.5094
44.758; 1.685; 48.8778; 2.05582; 54.3025; 2.67134; 60.4879; 3.60103; 68.9454; 5.41709
44.2315; 1.64271; 48.3662; 2.00566; 53.8219; 2.61007; 60.0559; 3.5267; 68.5987; 5.32715
43.7174; 1.60243; 47.865; 1.95771; 53.3494; 2.5512; 59.6296; 3.45486; 68.255; 5.2395
43.2153; 1.56405; 47.374; 1.91185; 52.8847; 2.49461; 59.2089; 3.38539; 67.9145; 5.15407
42.7249; 1.52746; 46.8929; 1.86795; 52.4278; 2.44018; 58.7937; 3.3182; 67.5771; 5.07078
42.2458; 1.49253; 46.4214; 1.82591; 51.9784; 2.38781; 58.3839; 3.2532; 67.2427; 4.98957
41.7776; 1.45918; 45.9593; 1.78562; 51.5364; 2.33739; 57.9795; 3.19029; 66.9113; 4.91037
41.3202; 1.4273; 45.5064; 1.747; 51.1017; 2.28884; 57.5803; 3.12939; 66.5829; 4.83312
40.8731; 1.39682; 45.0624; 1.70995; 50.674; 2.24206; 57.1862; 3.07042; 66.2574; 4.75776
40.4361; 1.36766; 44.6271; 1.67438; 50.2533; 2.19698; 56.7972; 3.01329; 65.9348; 4.68423
40.0088; 1.33973; 44.2002; 1.64023; 49.8393; 2.1535; 56.4132; 2.95794; 65.6151; 4.61248
39.591; 1.31298; 43.7817; 1.60742; 49.432; 2.11157; 56.0341; 2.90429; 65.2982; 4.54245
39.1823; 1.28733; 43.3711; 1.57587; 49.0312; 2.0711; 55.6598; 2.85228; 64.9841; 4.47409
38.7827; 0.838176; 42.9685; 1.54553; 48.6368; 2.03203; 55.2903; 2.80184; 64.6728; 4.40734
38.3917; 0.834267; 42.5735; 1.51633; 48.2486; 1.9943; 54.9254; 2.75291; 64.3642; 4.34217
38.7351; 0.837701; 42.8526; 1.5369; 48.436; 2.01243; 54.9988; 2.76269; 64.2661; 4.32165
39.5847; 1.31258; 43.6463; 1.59694; 49.1495; 2.08296; 55.6122; 2.84572; 64.7279; 4.41907
40.4989; 1.37181; 44.5056; 1.66459; 49.9304; 2.16299; 56.2952; 2.94113; 65.2629; 4.53472
41.4072; 1.43331; 45.3599; 1.73469; 50.7074; 2.24568; 56.976; 3.03941; 65.7984; 4.65349
42.2989; 1.49636; 46.1983; 1.80634; 51.4697; 2.32987; 57.6436; 3.13898; 66.3236; 4.77299
43.1725; 1.56083; 47.0194; 1.87939; 52.2159; 2.41534; 58.2968; 3.23955; 66.837; 4.89278
44.0281; 1.62666; 47.8233; 1.95377; 52.946; 2.502; 58.9356; 3.34102; 67.3387; 5.01275
44.8662; 1.69383; 48.6103; 2.02944; 53.6605; 2.58982; 59.5603; 3.44332; 67.8289; 5.13282
45.687; 1.7623; 49.3809; 2.10636; 54.3596; 2.67873; 60.1712; 3.5464; 68.308; 5.25292
46.4909; 1.83205; 50.1353; 2.1845; 55.0438; 2.76869; 60.7687; 3.65019; 68.7762; 5.37301
47.2784; 1.90304; 50.8739; 2.2638; 55.7133; 2.85964; 61.353; 3.75463; 69.2337; 5.49302
48.0496; 1.97524; 51.597; 2.34424; 56.3684; 2.95155; 61.9245; 3.85968; 69.6809; 5.6129
48.8051; 2.04861; 52.3051; 2.42577; 57.0096; 3.04434; 62.4835; 3.96526; 70.1179; 5.7326
49.545; 2.12312; 52.9984; 2.50834; 57.6371; 3.13798; 63.0303; 4.07133; 70.5451; 5.85206
50.2698; 2.19874; 53.6773; 2.59192; 58.2512; 3.23242; 63.5651; 4.17784; 70.9627; 5.97125
50.9799; 2.27542; 54.342; 2.67645; 58.8523; 3.3276; 64.0883; 4.28471; 71.371; 6.09011
51.6754; 2.35313; 54.993; 2.76191; 59.4406; 3.42348; 64.6002; 4.39192; 71.77; 6.20859
52.3568; 2.43183; 55.6305; 2.84824; 60.0165; 3.52; 65.1009; 4.49939; 72.1602; 6.32666
53.0243; 2.51148; 56.2548; 2.9354; 60.5802; 3.61712; 65.5908; 4.60709; 72.5417; 6.44428
53.6783; 2.59204; 56.8662; 3.02334; 61.132; 3.71479; 66.0702; 4.71496; 72.9148; 6.5614
54.319; 2.67348; 57.4651; 3.11203; 61.6723; 3.81295; 66.5392; 4.82295; 73.2796; 6.67799
54.9468; 2.75576; 58.0516; 3.20142; 62.2012; 3.91158; 66.9982; 4.93102; 73.6364; 6.79402
55.562; 2.83883; 58.6261; 3.29147; 62.719; 4.01061; 67.4474; 5.03913; 73.9853; 6.90945
56.1647; 2.92266; 59.1889; 3.38213; 63.2261; 4.11; 67.887; 5.14723; 74.3266; 7.02425
56.7554; 3.00721; 59.7402; 3.47336; 63.7226; 4.20971; 68.3173; 5.25527; 74.6605; 7.1384
57.3342; 3.09243; 60.2803; 3.56512; 64.2088; 4.3097; 68.7384; 5.36322; 74.9871; 7.25185
57.9015; 3.1783; 60.8094; 3.65737; 64.6849; 4.40993; 69.1507; 5.47105; 75.3066; 7.3646
58.4575; 3.26477; 61.3279; 3.75008; 65.1513; 4.51034; 69.5543; 5.5787; 75.6193; 7.47661
59.0024; 3.35181; 61.8359; 3.84319; 65.608; 4.61091; 69.9494; 5.68614; 75.9252; 7.58787
59.5366; 3.43938; 62.3336; 3.93667; 66.0554; 4.71159; 70.3363; 5.79335; 76.2246; 7.69834
60.0602; 3.52744; 62.8214; 4.03048; 66.4936; 4.81234; 70.7151; 5.90028; 76.5176; 7.80802
60.5735; 3.61595; 63.2995; 4.12459; 66.923; 4.91314; 71.086; 6.0069; 76.8044; 7.91689
61.0767; 3.70488; 63.768; 4.21896; 67.3436; 5.01394; 71.4493; 6.11319; 77.0851; 8.02492
61.5701; 3.7942; 64.2273; 4.31355; 67.7557; 5.11471; 71.8051; 6.21911; 77.36; 8.13211
62.0539; 3.88386; 64.6774; 4.40833; 68.1596; 5.21541; 72.1536; 6.32464; 77.629; 8.23844
62.5283; 3.97384; 65.1187; 4.50326; 68.5553; 5.31602; 72.495; 6.42975; 77.8925; 8.3439
62.9935; 4.06411; 65.5514; 4.59832; 68.9432; 5.4165; 72.8294; 6.53441; 78.1504; 8.44848
63.4497; 4.15462; 65.9755; 4.69346; 69.3233; 5.51682; 73.1571; 6.63861; 78.4031; 8.55216
63.8972; 4.24536; 66.3914; 4.78866; 69.6959; 5.61696; 73.4781; 6.74231; 78.6505; 8.65494
64.3361; 4.33628; 66.7993; 4.88388; 70.0611; 5.71689; 73.7928; 6.84551; 78.8929; 8.75682
64.7667; 4.42736; 67.1992; 4.97911; 70.4192; 5.81658; 74.1011; 6.94817; 79.1303; 8.85778
64.3645; 4.34223; 66.894; 4.90626; 70.2106; 5.7583; 73.9712; 6.90473; 79.0697; 8.8319
63.4186; 4.14838; 66.1011; 4.72201; 69.597; 5.59023; 73.5339; 6.7605; 78.8264; 8.72873
62.4198; 3.95309; 65.2306; 4.52765; 68.8836; 5.40093; 72.9881; 6.58466; 78.49; 8.58812
61.4382; 3.77011; 64.3623; 4.34177; 68.1535; 5.21388; 72.4077; 6.4027; 78.1073; 8.43092
60.4827; 3.60012; 63.5112; 4.16697; 67.4294; 5.03474; 71.8201; 6.22362; 77.7028; 8.26784
59.5533; 3.44215; 62.6795; 4.00295; 66.7168; 4.86448; 71.2354; 6.05038; 77.2889; 8.10426
58.6494; 3.29516; 61.867; 3.84897; 66.0171; 4.7029; 70.6572; 5.8838; 76.8722; 7.94284
57.77; 3.15818; 61.0733; 3.70426; 65.3304; 4.54952; 70.0865; 5.72391; 76.456; 7.78483
56.9143; 3.03037; 60.2978; 3.56813; 64.6563; 4.40383; 69.5238; 5.5705; 76.0421; 7.63079
56.0815; 2.91094; 59.54; 3.43994; 63.9946; 4.26537; 68.9691; 5.42327; 75.6312; 7.48091
55.2708; 2.79921; 58.7993; 3.3191; 63.345; 4.13367; 68.4222; 5.28195; 75.2238; 7.33522
54.4816; 2.69455; 58.0752; 3.20508; 62.7073; 4.00833; 67.883; 5.14622; 74.8201; 7.19363
53.713; 2.59639; 57.3674; 3.09739; 62.081; 3.88895; 67.3514; 5.01581; 74.4202; 7.05605
52.9644; 2.50423; 56.6753; 2.9956; 61.4661; 3.77519; 66.8272; 4.89047; 74.024; 6.92235
52.2352; 2.4176; 55.9985; 2.8993; 60.8622; 3.6667; 66.3103; 4.76994; 73.6315; 6.79241
51.5248; 2.33607; 55.3366; 2.80811; 60.269; 3.56318; 65.8006; 4.65399; 73.2427; 6.6661
50.8324; 2.25928; 54.6891; 2.72169; 59.6864; 3.46434; 65.298; 4.5424; 72.8575; 6.54328
50.1576; 2.18686; 54.0557; 2.63971; 59.114; 3.36992; 64.8022; 4.43497; 72.476; 6.42385
49.4999; 2.1185; 53.436; 2.5619; 58.5517; 3.27966; 64.3133; 4.3315; 72.098; 6.30768
48.8585; 2.05391; 52.8296; 2.48798; 57.9993; 3.19334; 63.831; 4.23182; 71.7235; 6.19467
48.2331; 1.99282; 52.2362; 2.4177; 57.4564; 3.11073; 63.3553; 4.13573; 71.3526; 6.0847
47.6232; 1.93499; 51.6553; 2.35084; 56.923; 3.03163; 62.8861; 4.04308; 70.985; 5.97768
47.0282; 1.88019; 51.0867; 2.28718; 56.3987; 2.95586; 62.4232; 3.95372; 70.6209; 5.8735
46.4477; 1.82822; 50.53; 2.22653; 55.8834; 2.88324; 61.9665; 3.8675; 70.2601; 5.77207
45.8812; 1.7789; 49.9849; 2.1687; 55.377; 2.81359; 61.5159; 3.78427; 69.9026; 5.6733
45.3284; 1.73205; 49.4511; 2.11352; 54.8791; 2.74676; 61.0713; 3.70391; 69.5483; 5.5771
44.7887; 1.6875; 48.9284; 2.06084; 54.3897; 2.68262; 60.6327; 3.62629; 69.1974; 5.48338
44.2619; 1.64512; 48.4163; 2.01052; 53.9085; 2.62101; 60.1998; 3.5513; 68.8496; 5.39207
43.7475; 1.60476; 47.9147; 1.96241; 53.4353; 2.56182; 59.7727; 3.47881; 68.5049; 5.3031
43.2451; 1.56631; 47.4233; 1.9164; 52.9701; 2.50491; 59.3512; 3.40873; 68.1634; 5.21637
42.7543; 1.52963; 46.9418; 1.87236; 52.5126; 2.45019; 58.9352; 3.34095; 67.825; 5.13183
42.275; 1.49463; 46.4699; 1.83018; 52.0626; 2.39753; 58.5246; 3.27537; 67.4896; 5.0494
41.8066; 1.46121; 46.0074; 1.78977; 51.62; 2.34684; 58.1194; 3.21191; 67.1572; 4.96902
41.3488; 1.42928; 45.554; 1.75102; 51.1847; 2.29803; 57.7194; 3.15048; 66.8278; 4.89062
40.9015; 1.39874; 45.1096; 1.71385; 50.7564; 2.251; 57.3246; 3.09099; 66.5014; 4.81414
40.4641; 1.36951; 44.6739; 1.67817; 50.3351; 2.20567; 56.9348; 3.03337; 66.1778; 4.73952
40.0366; 1.34153; 44.2467; 1.64391; 49.9206; 2.16197; 56.5501; 2.97754; 65.8572; 4.66671
39.6185; 1.31472; 43.8277; 1.61099; 49.5127; 2.11981; 56.1702; 2.92343; 65.5393; 4.59565
39.2096; 1.28902; 43.4168; 1.57935; 49.1114; 2.07913; 55.7952; 2.87097; 65.2243; 4.52628
38.8097; 0.838447; 43.0138; 1.54891; 48.7164; 2.03986; 55.4249; 2.8201; 64.9121; 4.45856
38.4184; 0.834535; 42.6184; 1.51963; 48.3277; 2.00193; 55.0593; 2.77076; 64.6026; 4.39243
38.7617; 0.837967; 42.8972; 1.54022; 48.5145; 2.02007; 55.1317; 2.78047; 64.5026; 4.37127
39.6112; 1.31426; 43.6907; 1.60037; 49.2276; 2.09083; 55.7443; 2.86393; 64.9628; 4.46949
40.5252; 1.37356; 44.5499; 1.66815; 50.0081; 2.17113; 56.4266; 2.95985; 65.4963; 4.58612
41.4334; 1.43513; 45.4039; 1.73838; 50.7847; 2.25408; 57.1066; 3.05863; 66.0303; 4.70589
42.325; 1.49825; 46.2421; 1.81017; 51.5466; 2.33853; 57.7735; 3.15872; 66.5539; 4.82637
43.1985; 1.56279; 47.0629; 1.88335; 52.2923; 2.42427; 58.4259; 3.2598; 67.0658; 4.94713
44.054; 1.62869; 47.8666; 1.95786; 53.022; 2.5112; 59.0639; 3.36177; 67.566; 5.06805
44.8919; 1.69593; 48.6534; 2.03367; 53.7361; 2.59929; 59.6878; 3.46458; 68.0547; 5.18906
45.7126; 1.76448; 49.4237; 2.11072; 54.4348; 2.68847; 60.2979; 3.56815; 68.5322; 5.31008
46.5164; 1.8343; 50.1779; 2.18899; 55.1185; 2.77869; 60.8946; 3.67244; 68.9988; 5.43106
47.3037; 1.90537; 50.9162; 2.26844; 55.7875; 2.86991; 61.4781; 3.77737; 69.4547; 5.55195
48.0748; 1.97764; 51.6392; 2.34901; 56.4422; 2.96208; 62.0488; 3.8829; 69.9003; 5.67269
48.8301; 2.05109; 52.347; 2.43068; 57.0829; 3.05514; 62.6069; 3.98896; 70.3358; 5.79322
49.5699; 2.12568; 53.04; 2.51338; 57.7099; 3.14904; 63.1529; 4.0955; 70.7614; 5.9135
50.2946; 2.20137; 53.7186; 2.5971; 58.3236; 3.24374; 63.6869; 4.20247; 71.1774; 6.03348
51.0045; 2.27812; 54.3832; 2.68177; 58.9242; 3.33918; 64.2093; 4.3098; 71.5841; 6.1531
51.6999; 2.35591; 55.0339; 2.76736; 59.5121; 3.43531; 64.7203; 4.41745; 71.9816; 6.27234
52.3811; 2.43468; 55.6711; 2.85383; 60.0875; 3.53208; 65.2202; 4.52537; 72.3702; 6.39113
53.0485; 2.51441; 56.2951; 2.94112; 60.6507; 3.62945; 65.7092; 4.6335; 72.7502; 6.50945
53.7023; 2.59505; 56.9063; 3.0292; 61.2021; 3.72737; 66.1878; 4.74179; 73.1216; 6.62725
54.3429; 2.67656; 57.5049; 3.11802; 61.7418; 3.82578; 66.656; 4.85021; 73.4849; 6.7445
54.9705; 2.75891; 58.0912; 3.20754; 62.2703; 3.92464; 67.1141; 4.95869; 73.8401; 6.86117
55.5855; 2.84206; 58.6654; 3.29771; 62.7876; 4.02391; 67.5625; 5.0672; 74.1874; 6.97721
56.1881; 2.92596; 59.2279; 3.3885; 63.2942; 4.12354; 68.0012; 5.17568; 74.5272; 7.0926
56.7786; 3.01058; 59.779; 3.47986; 63.7902; 4.22348; 68.4306; 5.28411; 74.8595; 7.20731
57.3573; 3.09588; 60.3188; 3.57175; 64.2759; 4.32369; 68.851; 5.39244; 75.1845; 7.32131
57.9244; 3.18182; 60.8476; 3.66413; 64.7516; 4.42414; 69.2624; 5.50062; 75.5025; 7.43459
58.4802; 3.26836; 61.3658; 3.75695; 65.2174; 4.52477; 69.6651; 5.60863; 75.8136; 7.5471
59.025; 3.35547; 61.8735; 3.85018; 65.6737; 4.62555; 70.0594; 5.71642; 76.118; 7.65883
59.559; 3.4431; 62.371; 3.94378; 66.1206; 4.72644; 70.4454; 5.82396; 76.4159; 7.76977
60.0825; 3.53123; 62.8586; 4.03771; 66.5584; 4.8274; 70.8234; 5.93121; 76.7074; 7.87988
60.5956; 3.61981; 63.3363; 4.13194; 66.9872; 4.9284; 71.1935; 6.03815; 76.9926; 7.98916
61.0987; 3.70881; 63.8046; 4.22642; 67.4074; 5.02939; 71.5559; 6.14475; 77.2718; 8.09759
61.5919; 3.79819; 64.2636; 4.32112; 67.819; 5.13035; 71.9109; 6.25096; 77.5451; 8.20515
62.0755; 3.88792; 64.7135; 4.41601; 68.2224; 5.23124; 72.2586; 6.35678; 77.8127; 8.31183
62.5498; 3.97796; 65.1545; 4.51105; 68.6176; 5.33203; 72.5991; 6.46217; 78.0746; 8.41762
63.0148; 4.06829; 65.5869; 4.6062; 69.005; 5.43269; 72.9328; 6.56709; 78.3311; 8.5225
63.4709; 4.15887; 66.0108; 4.70145; 69.3846; 5.53319; 73.2596; 6.67155; 78.5823; 8.62648
63.9182; 4.24966; 66.4264; 4.79675; 69.7567; 5.63349; 73.5798; 6.7755; 78.8282; 8.72953
64.3569; 4.34064; 66.834; 4.89207; 70.1215; 5.73358; 73.8936; 6.87893; 79.0692; 8.83166
64.7873; 4.43178; 67.2337; 4.98739; 70.4791; 5.83343; 74.2011; 6.98182; 79.3051; 8.93285
64.385; 4.34652; 66.9281; 4.91435; 70.2701; 5.77486; 74.0707; 6.938; 79.2439; 8.9065
63.4388; 4.15242; 66.1349; 4.72971; 69.656; 5.60617; 73.6329; 6.79286; 78.9999; 8.80216
62.4398; 3.95689; 65.264; 4.53495; 68.942; 5.4162; 73.0864; 6.61597; 78.6627; 8.66005
61.4579; 3.7737; 64.3953; 4.3487; 68.2115; 5.2285; 72.5053; 6.43295; 78.2793; 8.50122
60.5021; 3.6035; 63.5439; 4.17355; 67.4869; 5.04874; 71.9171; 6.25283; 77.874; 8.33647
59.5725; 3.44535; 62.7118; 4.00921; 66.7738; 4.87789; 71.3318; 6.07859; 77.4594; 8.17124
58.6684; 3.29818; 61.899; 3.85493; 66.0737; 4.71575; 70.7529; 5.91105; 77.0419; 8.00819
57.7887; 3.16105; 61.105; 3.70994; 65.3864; 4.56185; 70.1816; 5.75025; 76.625; 7.8486
56.9328; 3.03308; 60.3292; 3.57354; 64.7119; 4.41567; 69.6183; 5.59597; 76.2103; 7.69303
56.0998; 2.91352; 59.571; 3.4451; 64.0498; 4.27674; 69.063; 5.44792; 75.7987; 7.54166
55.289; 2.80166; 58.83; 3.32403; 63.3998; 4.14461; 68.5155; 5.30579; 75.3906; 7.39452
54.4995; 2.69688; 58.1057; 3.20979; 62.7616; 4.01885; 67.9757; 5.16931; 74.9862; 7.25154
53.7307; 2.59861; 57.3976; 3.10191; 62.1349; 3.89908; 67.4435; 5.03818; 74.5855; 7.11261
52.9819; 2.50635; 56.7052; 2.99993; 61.5195; 3.78494; 66.9188; 4.91214; 74.1886; 6.9776
52.2526; 2.41962; 56.0281; 2.90345; 60.9152; 3.67609; 66.4013; 4.79094; 73.7954; 6.84639
51.5419; 2.33801; 55.3659; 2.81209; 60.3216; 3.57224; 65.8911; 4.67436; 73.4059; 6.71885
50.8494; 2.26113; 54.7182; 2.72551; 59.7386; 3.47308; 65.3879; 4.56216; 73.0201; 6.59485
50.1744; 2.18863; 54.0845; 2.64338; 59.1658; 3.37836; 64.8916; 4.45415; 72.6379; 6.47426
49.5165; 2.1202; 53.4645; 2.56543; 58.6031; 3.28781; 64.4021; 4.35012; 72.2592; 6.35697
48.8749; 2.05553; 52.8579; 2.49138; 58.0503; 3.20121; 63.9193; 4.24989; 71.8841; 6.24287
48.2494; 1.99438; 52.2641; 2.42097; 57.507; 3.11834; 63.4431; 4.15329; 71.5124; 6.13186
47.6393; 1.93649; 51.683; 2.35399; 56.9732; 3.039; 62.9733; 4.06015; 71.1442; 6.02381
47.0441; 1.88163; 51.1142; 2.29022; 56.4486; 2.96299; 62.5099; 3.97031; 70.7794; 5.91864
46.4634; 1.82961; 50.5572; 2.22946; 55.9329; 2.89014; 62.0527; 3.88363; 70.418; 5.81625
45.8968; 1.78024; 50.0119; 2.17153; 55.4261; 2.82027; 61.6016; 3.79996; 70.0598; 5.71654
45.3438; 1.73334; 49.4779; 2.11625; 54.9279; 2.75324; 61.1565; 3.71918; 69.705; 5.61943
44.804; 1.68875; 48.9549; 2.06349; 54.4381; 2.6889; 60.7174; 3.64116; 69.3534; 5.52484
44.277; 1.64632; 48.4426; 2.01308; 53.9566; 2.6271; 60.2841; 3.56577; 69.0049; 5.43268
43.7624; 1.60592; 47.9408; 1.96489; 53.4831; 2.56773; 59.8565; 3.49291; 68.6597; 5.34287
43.2599; 1.56743; 47.4491; 1.91879; 53.0175; 2.51065; 59.4345; 3.42246; 68.3175; 5.25534
42.769; 1.53072; 46.9674; 1.87468; 52.5596; 2.45576; 59.018; 3.35433; 67.9785; 5.17001
42.2895; 1.49568; 46.4953; 1.83243; 52.1093; 2.40294; 58.607; 3.28842; 67.6425; 5.08682
41.8209; 1.46223; 46.0326; 1.79195; 51.6664; 2.3521; 58.2013; 3.22463; 67.3095; 5.0057
41.3631; 1.43026; 45.579; 1.75313; 51.2307; 2.30315; 57.8008; 3.16289; 66.9795; 4.92657
40.9156; 1.39969; 45.1344; 1.7159; 50.8022; 2.25598; 57.4055; 3.1031; 66.6525; 4.84939
40.4781; 1.37044; 44.6985; 1.68017; 50.3805; 2.21052; 57.0153; 3.04519; 66.3284; 4.77409
40.0504; 1.34243; 44.2711; 1.64585; 49.9657; 2.16669; 56.6301; 2.98907; 66.0071; 4.70062
39.6322; 1.31559; 43.8519; 1.61287; 49.5575; 2.1244; 56.2498; 2.93469; 65.6887; 4.62891
39.2232; 1.28987; 43.4408; 1.58118; 49.1559; 2.0836; 55.8744; 2.88197; 65.3731; 4.55891
38.8231; 0.838581; 43.0375; 1.55069; 48.7606; 2.04422; 55.5036; 2.83085; 65.0603; 4.49058
38.4318; 0.834668; 42.642; 1.52136; 48.3716; 2.00618; 55.1376; 2.78126; 64.7502; 4.42385
